일자,종가
2025-06-30,23.99
2025-06-27,24.27
2025-06-26,25.12
2025-06-25,25.69
2025-06-24,25.76
2025-06-23,24.76
2025-06-20,23.97
2025-06-19,24.69
2025-06-18,25.78
2025-06-17,25.82
2025-06-16,24.77
2025-06-13,24.91
2025-06-12,22.17
2025-06-11,22.77
2025-06-10,24.34
2025-06-09,24.84
2025-06-05,22.49
2025-06-04,22.03
2025-06-02,22.71
2025-05-30,22.55
2025-05-29,21.97
2025-05-28,20.67
2025-05-27,20.01
2025-05-26,19.63
2025-05-23,19.59
2025-05-22,19.95
2025-05-21,19.48
2025-05-20,19.18
2025-05-19,19.69
2025-05-16,18.13
2025-05-15,18.29
2025-05-14,17.86
2025-05-13,17.86
2025-05-12,19.2
2025-05-09,19.48
2025-05-08,19.76
2025-05-07,21.01
2025-05-02,20.93
2025-04-30,20.74
2025-04-29,20.7
2025-04-28,21.23
2025-04-25,21.43
2025-04-24,22.79
2025-04-23,22.74
2025-04-22,24.85
2025-04-21,25.08
2025-04-18,23.66
2025-04-17,24.59
2025-04-16,26.62
2025-04-15,24.48
2025-04-14,28.32
2025-04-11,31.47
2025-04-10,28.2
2025-04-09,40.97
2025-04-08,37.83
2025-04-07,44.23
2025-04-04,26.8
2025-04-03,26.09
2025-04-02,24.5
2025-04-01,24.21
2025-03-31,25.35
2025-03-28,21.18
2025-03-27,20.44
2025-03-26,19.67
2025-03-25,19.64
2025-03-24,19.68
2025-03-21,19.66
2025-03-20,19.6
2025-03-19,20.33
2025-03-18,20.41
2025-03-17,20.85
2025-03-14,22
2025-03-13,23.11
2025-03-12,23.08
2025-03-11,24.08
2025-03-10,22.13
2025-03-07,21.97
2025-03-06,21.27
2025-03-05,22.17
2025-03-04,23.47
2025-02-28,22.86
2025-02-27,19.32
2025-02-26,19.93
2025-02-25,19.6
2025-02-24,19.48
2025-02-21,18.64
2025-02-20,18.64
2025-02-19,18.49
2025-02-18,17.88
2025-02-17,18.06
2025-02-14,17.7
2025-02-13,18.03
2025-02-12,18.8
2025-02-11,19.28
2025-02-10,19.95
2025-02-07,19.29
2025-02-06,19.12
2025-02-05,20.06
2025-02-04,20.91
2025-02-03,22.08
2025-01-31,18.79
2025-01-24,17.96
2025-01-23,17.79
2025-01-22,17.67
2025-01-21,18.3
2025-01-20,18.45
2025-01-17,17.68
2025-01-16,18.14
2025-01-15,19.26
2025-01-14,19.25
2025-01-13,20.49
2025-01-10,19.92
2025-01-09,19.9
2025-01-08,20.2
2025-01-07,20.24
2025-01-06,20.71
2025-01-03,20.31
2025-01-02,20.7
2024-12-30,21.14
2024-12-27,20.88
2024-12-26,20.49
2024-12-24,20.02
2024-12-23,20.07
2024-12-20,21.45
2024-12-19,20.3
2024-12-18,17.96
2024-12-17,18.36
2024-12-16,18.88
2024-12-13,19.49
2024-12-12,19.91
2024-12-11,20.6
2024-12-10,21.62
2024-12-09,23.45
2024-12-06,22
2024-12-05,20.73
2024-12-04,21.34
2024-12-03,19.07
2024-12-02,19.94
2024-11-29,19.34
2024-11-28,17.72
2024-11-27,18.2
2024-11-26,18.5
2024-11-25,18.59
2024-11-22,18.91
2024-11-21,19.46
2024-11-20,19.93
2024-11-19,20.01
2024-11-18,21.09
2024-11-15,21.74
2024-11-14,23.41
2024-11-13,24.86
2024-11-12,21.62
2024-11-11,19.82
2024-11-08,19.03
2024-11-07,19.77
2024-11-06,20.72
2024-11-05,22.52
2024-11-04,22.83
2024-11-01,22.95
2024-10-31,22.65
2024-10-30,21.55
2024-10-29,21.44
2024-10-28,21.92
2024-10-25,22.12
2024-10-24,22.09
2024-10-23,21.54
2024-10-22,21.7
2024-10-21,20.9
2024-10-18,20.75
2024-10-17,21.09
2024-10-16,21.65
2024-10-15,21.24
2024-10-14,21.81
2024-10-11,21.99
2024-10-10,23.27
2024-10-08,25.62
2024-10-07,25.41
2024-10-04,25.84
2024-10-02,25.89
2024-09-30,25.44
2024-09-27,25.4
2024-09-26,25.63
2024-09-25,23.91
2024-09-24,22.26
2024-09-23,21.49
2024-09-20,21
2024-09-19,22.16
2024-09-13,21.68
2024-09-12,21.73
2024-09-11,24.06
2024-09-10,23.84
2024-09-09,25.61
2024-09-06,26.81
2024-09-05,25.5
2024-09-04,26.04
2024-09-03,19.73
2024-09-02,19.34
2024-08-30,18.81
2024-08-29,19.8
2024-08-28,19.38
2024-08-27,19.76
2024-08-26,20.96
2024-08-23,21.28
2024-08-22,21.16
2024-08-21,21.18
2024-08-20,21.03
2024-08-19,23.22
2024-08-16,19.9
2024-08-14,22.1
2024-08-13,23.64
2024-08-12,24.49
2024-08-09,26.53
2024-08-08,29.02
2024-08-07,30.17
2024-08-06,43.08
2024-08-05,45.86
2024-08-02,21.77
2024-08-01,17.12
2024-07-31,17.51
2024-07-30,17.78
2024-07-29,17.51
2024-07-26,17.98
2024-07-25,18.77
2024-07-24,17.42
2024-07-23,17.47
2024-07-22,18.39
2024-07-19,17.27
2024-07-18,16.79
2024-07-17,16.53
2024-07-16,16.34
2024-07-15,16.47
2024-07-12,16.44
2024-07-11,16.12
2024-07-10,16.08
2024-07-09,16.28
2024-07-08,16.81
2024-07-05,16.72
2024-07-04,16.36
2024-07-03,15.55
2024-07-02,15.88
2024-07-01,16.05
2024-06-28,16.1
2024-06-27,16.57
2024-06-26,16.74
2024-06-25,16.98
2024-06-24,17.02
2024-06-21,16.52
2024-06-20,16.56
2024-06-19,16.33
2024-06-18,16.34
2024-06-17,16.71
2024-06-14,16.03
2024-06-13,16.52
2024-06-12,17.4
2024-06-11,17.16
2024-06-10,17.17
2024-06-07,16.64
2024-06-05,16.56
2024-06-04,16.64
2024-06-03,16.69
2024-05-31,16.9
2024-05-30,16.82
2024-05-29,15.66
2024-05-28,15.07
2024-05-27,15.21
2024-05-24,15.43
2024-05-23,15.22
2024-05-22,15.71
2024-05-21,15.85
2024-05-20,15.95
2024-05-17,15.98
2024-05-16,15.98
2024-05-14,16.73
2024-05-13,16.6
2024-05-10,16.29
2024-05-09,16.49
2024-05-08,16.46
2024-05-07,17.21
2024-05-03,17.51
2024-05-02,17.88
2024-04-30,18.14
2024-04-29,18.13
2024-04-26,18.32
2024-04-25,18.82
2024-04-24,18.02
2024-04-23,18.93
2024-04-22,19.8
2024-04-19,21.22
2024-04-18,19.42
2024-04-17,20.02
2024-04-16,19.95
2024-04-15,18.45
2024-04-12,17.59
2024-04-11,18.03
2024-04-09,18.09
2024-04-08,18.16
2024-04-05,18.12
2024-04-04,17.2
2024-04-03,17.63
2024-04-02,17.1
2024-04-01,17.13
2024-03-29,16.84
2024-03-28,16.88
2024-03-27,17.14
2024-03-26,17.34
2024-03-25,17.35
2024-03-22,17.13
2024-03-21,17.53
2024-03-20,16.92
2024-03-19,16.78
2024-03-18,17.12
2024-03-15,16.83
2024-03-14,16.51
2024-03-13,16.93
2024-03-12,17.8
2024-03-11,18.05
2024-03-08,17.25
2024-03-07,17.25
2024-03-06,17.25
2024-03-05,17.13
2024-03-04,17.33
2024-02-29,16.77
2024-02-28,16.83
2024-02-27,17.16
2024-02-26,17.94
2024-02-23,18.31
2024-02-22,18.22
2024-02-21,18.5
2024-02-20,18.09
2024-02-19,18.02
2024-02-16,17.41
2024-02-15,17.79
2024-02-14,17.98
2024-02-13,18.02
2024-02-08,17.24
2024-02-07,17.62
2024-02-06,17.59
2024-02-05,18.06
2024-02-02,17.79
2024-02-01,16.79
2024-01-31,17.02
2024-01-30,17.11
2024-01-29,17.27
2024-01-26,16.96
2024-01-25,16.92
2024-01-24,17.07
2024-01-23,17.39
2024-01-22,18.01
2024-01-19,17.64
2024-01-18,18.32
2024-01-17,19.31
2024-01-16,17.18
2024-01-15,16.84
2024-01-12,16.77
2024-01-11,17.14
2024-01-10,16.79
2024-01-09,17.42
2024-01-08,17.77
2024-01-05,17.8
2024-01-04,18.2
2024-01-03,18.28
2024-01-02,18.61
2023-12-28,17.78
2023-12-27,16.55
2023-12-26,16.25
2023-12-22,14.97
2023-12-21,14.93
2023-12-20,14.78
2023-12-19,13.85
2023-12-18,14.27
2023-12-15,13.98
2023-12-14,14.11
2023-12-13,14.3
2023-12-12,14.45
2023-12-11,14.59
2023-12-08,14.76
2023-12-07,16.85
2023-12-06,14.56
2023-12-05,14.84
2023-12-04,14.61
2023-12-01,14.5
2023-11-30,14.46
2023-11-29,14.6
2023-11-28,15.35
2023-11-27,15.2
2023-11-24,15.04
2023-11-23,15.13
2023-11-22,15.88
2023-11-21,16.18
2023-11-20,16.68
2023-11-17,16.55
2023-11-16,16.98
2023-11-15,17.24
2023-11-14,17.35
2023-11-13,17.68
2023-11-10,17.13
2023-11-09,16.84
2023-11-08,17.56
2023-11-07,18.23
2023-11-06,18.65
2023-11-03,16.7
2023-11-02,17.49
2023-11-01,18.79
2023-10-31,19.89
2023-10-30,20.03
2023-10-27,20.02
2023-10-26,21.14
2023-10-25,18.56
2023-10-24,18.82
2023-10-23,19.65
2023-10-20,19.53
2023-10-19,18.23
2023-10-18,16
2023-10-17,16.18
2023-10-16,17.07
2023-10-13,15.95
2023-10-12,15.7
2023-10-11,16.74
2023-10-10,17.56
2023-10-06,17.39
2023-10-05,17.34
2023-10-04,18.09
2023-09-27,15.08
2023-09-26,14.74
2023-09-25,14.1
2023-09-22,14.18
2023-09-21,13.96
2023-09-20,13.03
2023-09-19,12.95
2023-09-18,12.85
2023-09-15,11.73
2023-09-14,12.02
2023-09-13,12.64
2023-09-12,12.4
2023-09-11,12.42
2023-09-08,12.4
2023-09-07,12.69
2023-09-06,12.46
2023-09-05,12.42
2023-09-04,12.49
2023-09-01,12.53
2023-08-31,12.78
2023-08-30,13.05
2023-08-29,13.49
2023-08-28,14.18
2023-08-25,14.86
2023-08-24,13.94
2023-08-23,14.97
2023-08-22,15.33
2023-08-21,16.03
2023-08-18,16.03
2023-08-17,15.57
2023-08-16,15.15
2023-08-14,14.14
2023-08-11,13.44
2023-08-10,14
2023-08-09,14.15
2023-08-08,15.4
2023-08-07,15.71
2023-08-04,15.55
2023-08-03,15.88
2023-08-02,15.36
2023-08-01,14.06
2023-07-31,14.21
2023-07-28,14.15
2023-07-27,13.9
2023-07-26,14.53
2023-07-25,14.08
2023-07-24,14.12
2023-07-21,13.35
2023-07-20,13.22
2023-07-19,12.91
2023-07-18,13.07
2023-07-17,13.21
2023-07-14,13.19
2023-07-13,13.25
2023-07-12,13.76
2023-07-11,13.82
2023-07-10,14.63
2023-07-07,14.58
2023-07-06,12.98
2023-07-05,12.37
2023-07-04,12.27
2023-07-03,12.73
2023-06-30,12.59
2023-06-29,12.93
2023-06-28,13.1
2023-06-27,13.18
2023-06-26,13.46
2023-06-23,13.04
2023-06-22,13.24
2023-06-21,13.36
2023-06-20,13.02
2023-06-19,13.35
2023-06-16,13.13
2023-06-15,13.25
2023-06-14,13.55
2023-06-13,13.76
2023-06-12,13.45
2023-06-09,13.16
2023-06-08,13.44
2023-06-07,13.71
2023-06-05,14.08
2023-06-02,13.96
2023-06-01,14.35
2023-05-31,14.8
2023-05-30,14.79
2023-05-26,14.96
2023-05-25,15.07
2023-05-24,14.87
2023-05-23,14.56
2023-05-22,14.74
2023-05-19,14.13
2023-05-18,13.54
2023-05-17,13.52
2023-05-16,13.59
2023-05-15,13.81
2023-05-12,13.93
2023-05-11,14.31
2023-05-10,14.77
2023-05-09,14.39
2023-05-08,14.87
2023-05-04,15.27
2023-05-03,15.09
2023-05-02,14.21
2023-04-28,14.51
2023-04-27,14.86
2023-04-26,15.09
2023-04-25,15.02
2023-04-24,14.86
2023-04-21,14.62
2023-04-20,14.63
2023-04-19,14.86
2023-04-18,15.17
2023-04-17,15.49
2023-04-14,15.42
2023-04-13,15.52
2023-04-12,15.82
2023-04-11,15.62
2023-04-10,15.72
2023-04-07,15.35
2023-04-06,15.87
2023-04-05,15.36
2023-04-04,15.22
2023-04-03,15.88
2023-03-31,15.57
2023-03-30,15.7
2023-03-29,16.15
2023-03-28,16.81
2023-03-27,17.97
2023-03-24,17.59
2023-03-23,17.97
2023-03-22,18.29
2023-03-21,19.51
2023-03-20,20.62
2023-03-17,18.26
2023-03-16,19.97
2023-03-15,18.75
2023-03-14,21.11
2023-03-13,18.2
2023-03-10,17.56
2023-03-09,16.53
2023-03-08,17.21
2023-03-07,16.95
2023-03-06,17.18
2023-03-03,17.69
2023-03-02,18.31
2023-02-28,18.53
2023-02-27,19.38
2023-02-24,18.81
2023-02-23,18.99
2023-02-22,19.56
2023-02-21,18.89
2023-02-20,18.64
2023-02-17,18.23
2023-02-16,17.84
2023-02-15,18.18
2023-02-14,18.52
2023-02-13,18.23
2023-02-10,17.53
2023-02-09,17.95
2023-02-08,17.5
2023-02-07,17.31
2023-02-06,17.55
2023-02-03,17.01
2023-02-02,17.08
2023-02-01,17.54
2023-01-31,17.75
2023-01-30,17.38
2023-01-27,16.86
2023-01-26,16.53
2023-01-25,16.84
2023-01-20,16.81
2023-01-19,16.89
2023-01-18,16.8
2023-01-17,16.85
2023-01-16,16.88
2023-01-13,17.19
2023-01-12,18.34
2023-01-11,17.98
2023-01-10,18.22
2023-01-09,18.48
2023-01-06,17.74
2023-01-05,17.85
2023-01-04,18.17
2023-01-03,18.96
2023-01-02,18.85
2022-12-29,18.4
2022-12-28,17.53
2022-12-27,17.09
2022-12-26,17.46
2022-12-23,17.43
2022-12-22,16.6
2022-12-21,17.62
2022-12-20,17.98
2022-12-19,17.6
2022-12-16,17.03
2022-12-15,16.71
2022-12-14,17.27
2022-12-13,19.09
2022-12-12,18.52
2022-12-09,17.57
2022-12-08,18.38
2022-12-07,18.45
2022-12-06,18.19
2022-12-05,17.98
2022-12-02,18.49
2022-12-01,17.51
2022-11-30,17.78
2022-11-29,17.76
2022-11-28,18.12
2022-11-25,16.97
2022-11-24,16.85
2022-11-23,17.92
2022-11-22,19.09
2022-11-21,19.81
2022-11-18,19.87
2022-11-17,20.09
2022-11-16,19.87
2022-11-15,19.63
2022-11-14,20.32
2022-11-11,19.97
2022-11-10,21.21
2022-11-09,20.1
2022-11-08,19.99
2022-11-07,20.82
2022-11-04,20.84
2022-11-03,21.21
2022-11-02,21.13
2022-11-01,21.11
2022-10-31,21.97
2022-10-28,22.71
2022-10-27,22.12
2022-10-26,23.42
2022-10-25,24.23
2022-10-24,24.62
2022-10-21,23.94
2022-10-20,24.04
2022-10-19,23.21
2022-10-18,22.86
2022-10-17,24.4
2022-10-14,23.94
2022-10-13,27.22
2022-10-12,24.69
2022-10-11,25.78
2022-10-07,23.93
2022-10-06,23.37
2022-10-05,24.36
2022-10-04,24.99
2022-09-30,27.19
2022-09-29,25.96
2022-09-28,26.59
2022-09-27,23.62
2022-09-26,24.02
2022-09-23,20.33
2022-09-22,20.47
2022-09-21,20.8
2022-09-20,19.28
2022-09-19,19.64
2022-09-16,19.13
2022-09-15,18.39
2022-09-14,18.73
2022-09-13,16.68
2022-09-08,19.17
2022-09-07,19.85
2022-09-06,18.49
2022-09-05,18.87
2022-09-02,19.07
2022-09-01,19.2
2022-08-31,17.31
2022-08-30,17.47
2022-08-29,18.72
2022-08-26,16.19
2022-08-25,16.19
2022-08-24,17.48
2022-08-23,17.72
2022-08-22,16.76
2022-08-19,15.73
2022-08-18,15.77
2022-08-17,15.51
2022-08-16,15.42
2022-08-12,15.45
2022-08-11,15.74
2022-08-10,17.18
2022-08-09,16.5
2022-08-08,17.15
2022-08-05,17
2022-08-04,17.7
2022-08-03,18.45
2022-08-02,19.24
2022-08-01,18.22
2022-07-29,17.79
2022-07-28,18.36
2022-07-27,19.39
2022-07-26,19.38
2022-07-25,19.97
2022-07-22,19.71
2022-07-21,20.02
2022-07-20,20.31
2022-07-19,20.74
2022-07-18,20.53
2022-07-15,22.08
2022-07-14,23.32
2022-07-13,23.3
2022-07-12,23.33
2022-07-11,23.33
2022-07-08,23
2022-07-07,23.6
2022-07-06,24.67
2022-07-05,22.73
2022-07-04,24.07
2022-07-01,23.98
2022-06-30,23.9
2022-06-29,22.46
2022-06-28,21.21
2022-06-27,22.5
2022-06-24,23.94
2022-06-23,25.92
2022-06-22,25.64
2022-06-21,23.4
2022-06-20,26.37
2022-06-17,25.79
2022-06-16,23.72
2022-06-15,24.27
2022-06-14,23.74
2022-06-13,23.3
2022-06-10,18.29
2022-06-09,17
2022-06-08,17.1
2022-06-07,18.1
2022-06-03,16.87
2022-06-02,17.6
2022-05-31,17.26
2022-05-30,17.74
2022-05-27,18.8
2022-05-26,19.91
2022-05-25,19.89
2022-05-24,20.61
2022-05-23,19.44
2022-05-20,19.1
2022-05-19,20.42
2022-05-18,18.4
2022-05-17,19.06
2022-05-16,20.27
2022-05-13,19.69
2022-05-12,22.72
2022-05-11,21.1
2022-05-10,22.11
2022-05-09,21.39
2022-05-06,20.87
2022-05-04,19.61
2022-05-03,20.25
2022-05-02,20.5
2022-04-29,18.92
2022-04-28,20.45
2022-04-27,21.98
2022-04-26,19.94
2022-04-25,21.05
2022-04-22,17.75
2022-04-21,16.77
2022-04-20,17.34
2022-04-19,17.69
2022-04-18,18.88
2022-04-15,17.77
2022-04-14,17.13
2022-04-13,17.02
2022-04-12,18.47
2022-04-11,17.57
2022-04-08,17.1
2022-04-07,17.78
2022-04-06,16.79
2022-04-05,15.91
2022-04-04,16.49
2022-04-01,17.07
2022-03-31,17.14
2022-03-30,17.88
2022-03-29,18.75
2022-03-28,19.6
2022-03-25,19.62
2022-03-24,19.73
2022-03-23,19.61
2022-03-22,21.03
2022-03-21,22.4
2022-03-18,21.93
2022-03-17,22.55
2022-03-16,23.74
2022-03-15,25.77
2022-03-14,24.7
2022-03-11,24.41
2022-03-10,25.71
2022-03-08,28.95
2022-03-07,27.84
2022-03-04,24.57
2022-03-03,22.73
2022-03-02,24.89
2022-02-28,24.41
2022-02-25,23.84
2022-02-24,27.09
2022-02-23,24.07
2022-02-22,25.34
2022-02-21,23.79
2022-02-18,23.68
2022-02-17,23.28
2022-02-16,21.94
2022-02-15,24.62
2022-02-14,23.84
2022-02-11,20.92
2022-02-10,19.21
2022-02-09,19.68
2022-02-08,21.06
2022-02-07,21.59
2022-02-04,21.02
2022-02-03,22.92
2022-01-28,23.97
2022-01-27,27.94
2022-01-26,24.83
2022-01-25,26.26
2022-01-24,21.48
2022-01-21,19.36
2022-01-20,17.99
2022-01-19,18.76
2022-01-18,18.16
2022-01-17,17.53
2022-01-14,16.97
2022-01-13,15.96
2022-01-12,15.91
2022-01-11,17.27
2022-01-10,17.41
2022-01-07,16.99
2022-01-06,17.52
2022-01-05,16.58
2022-01-04,16
2022-01-03,16.57
2021-12-30,16.5
2021-12-29,16.55
2021-12-28,17.07
2021-12-27,17.46
2021-12-24,16.5
2021-12-23,16.93
2021-12-22,17.42
2021-12-21,18.32
2021-12-20,19.52
2021-12-17,17.02
2021-12-16,16.98
2021-12-15,18.43
2021-12-14,18.4
2021-12-13,18
2021-12-10,17.39
2021-12-09,16.65
2021-12-08,17.69
2021-12-07,18.48
2021-12-06,20.91
2021-12-03,20.09
2021-12-02,21.02
2021-12-01,20.57
2021-11-30,23.23
2021-11-29,20.92
2021-11-26,18.04
2021-11-25,16.16
2021-11-24,16.27
2021-11-23,16.5
2021-11-22,16.17
2021-11-19,16.25
2021-11-18,16.74
2021-11-17,16.51
2021-11-16,15.97
2021-11-15,15.9
2021-11-12,16.18
2021-11-11,16.98
2021-11-10,18.19
2021-11-09,18
2021-11-08,18.24
2021-11-05,18.02
2021-11-04,17.6
2021-11-03,18.36
2021-11-02,17.28
2021-11-01,18.33
2021-10-29,18.55
2021-10-28,17.09
2021-10-27,16.88
2021-10-26,16.11
2021-10-25,17.03
2021-10-22,17.2
2021-10-21,17.68
2021-10-20,17.73
2021-10-19,17.24
2021-10-18,18.01
2021-10-15,17.03
2021-10-14,18.21
2021-10-13,20.54
2021-10-12,22.4
2021-10-08,20.47
2021-10-07,20.54
2021-10-06,21.84
2021-10-05,21.22
2021-10-01,18.91
2021-09-30,17.35
2021-09-29,17.87
2021-09-28,16.45
2021-09-27,15.92
2021-09-24,16.33
2021-09-23,16.72
2021-09-17,15.48
2021-09-16,15.44
2021-09-15,14.66
2021-09-14,14.67
2021-09-13,15.28
2021-09-10,15.18
2021-09-09,16.02
2021-09-08,14.73
2021-09-07,14.18
2021-09-06,14.24
2021-09-03,14.62
2021-09-02,15.25
2021-09-01,14.96
2021-08-31,14.76
2021-08-30,15.88
2021-08-27,16.17
2021-08-26,16.15
2021-08-25,15.48
2021-08-24,15.62
2021-08-23,17.29
2021-08-20,18.92
2021-08-19,17.82
2021-08-18,15.48
2021-08-17,16.34
2021-08-13,15.45
2021-08-12,14.09
2021-08-11,15.12
2021-08-10,14.52
2021-08-09,14.28
2021-08-06,14.18
2021-08-05,14.53
2021-08-04,14.77
2021-08-03,14.78
2021-08-02,15.77
2021-07-30,17.3
2021-07-29,15.58
2021-07-28,16.11
2021-07-27,15.75
2021-07-26,16.05
2021-07-23,14.42
2021-07-22,14.6
2021-07-21,16.12
2021-07-20,15.68
2021-07-19,15.25
2021-07-16,13.23
2021-07-15,13.04
2021-07-14,12.97
2021-07-13,12.55
2021-07-12,13.62
2021-07-09,15.12
2021-07-08,14.19
2021-07-07,13.29
2021-07-06,12.71
2021-07-05,13.11
2021-07-02,13.74
2021-07-01,14.33
2021-06-30,14.17
2021-06-29,14.52
2021-06-28,14.8
2021-06-25,14.82
2021-06-24,14.84
2021-06-23,14.75
2021-06-22,15.11
2021-06-21,16.28
2021-06-18,14.62
2021-06-17,14.98
2021-06-16,14.7
2021-06-15,14.33
2021-06-14,14.46
2021-06-11,14.51
2021-06-10,15.44
2021-06-09,16.58
2021-06-08,16.24
2021-06-07,17.04
2021-06-04,17.43
2021-06-03,17.48
2021-06-02,16.63
2021-06-01,16.48
2021-05-31,17.04
2021-05-28,17.31
2021-05-27,18.29
2021-05-26,18.68
2021-05-25,18.99
2021-05-24,20.59
2021-05-21,20.09
2021-05-20,19.12
2021-05-18,18.23
2021-05-17,19.29
2021-05-14,19.32
2021-05-13,21.9
2021-05-12,22.17
2021-05-11,20
2021-05-10,17.34
2021-05-07,16.43
2021-05-06,17
2021-05-04,16.89
2021-05-03,18.09
2021-04-30,18.84
2021-04-29,18.92
2021-04-28,18.92
2021-04-27,18.1
2021-04-26,18.36
2021-04-23,18.33
2021-04-22,17.86
2021-04-21,18.95
2021-04-20,17.96
2021-04-19,18.04
2021-04-16,17.61
2021-04-15,17.6
2021-04-14,16.49
2021-04-13,17.11
2021-04-12,16.54
2021-04-09,16.69
2021-04-08,16.19
2021-04-07,17.45
2021-04-06,18.34
2021-04-05,18.97
2021-04-02,19.51
2021-04-01,19.88
2021-03-31,20.44
2021-03-30,20.64
2021-03-29,21.01
2021-03-26,20.36
2021-03-25,21.69
2021-03-24,22.71
2021-03-23,23.19
2021-03-22,23.7
2021-03-19,23.61
2021-03-18,22.69
2021-03-17,24.53
2021-03-16,24.28
2021-03-15,25.9
2021-03-12,25.64
2021-03-11,26.45
2021-03-10,28.85
2021-03-09,29.78
2021-03-08,29.48
2021-03-05,29.09
2021-03-04,29.5
2021-03-03,28.31
2021-03-02,30.97
2021-02-26,31.34
2021-02-25,27.92
2021-02-24,28.93
2021-02-23,27.16
2021-02-22,27.64
2021-02-19,26.86
2021-02-18,26.1
2021-02-17,25.58
2021-02-16,25.08
2021-02-15,26.22
2021-02-10,26.43
2021-02-09,25.21
2021-02-08,27.33
2021-02-05,28.65
2021-02-04,32.06
2021-02-03,31.29
2021-02-02,33.4
2021-02-01,34.16
2021-01-29,35.73
2021-01-28,33.09
2021-01-27,29.41
2021-01-26,29.99
2021-01-25,28.97
2021-01-22,29.36
2021-01-21,30.63
2021-01-20,33.32
2021-01-19,34.08
2021-01-18,33.18
2021-01-15,31.56
2021-01-14,29.68
2021-01-13,32
2021-01-12,34.95
2021-01-11,35.65
2021-01-08,29.18
2021-01-07,26.75
2021-01-06,27.6
2021-01-05,26.22
2021-01-04,24.81
2020-12-30,22.09
2020-12-29,21.63
2020-12-28,23.14
2020-12-24,21.53
2020-12-23,21.52
2020-12-22,22.85
2020-12-21,20.54
2020-12-18,19.57
2020-12-17,19.85
2020-12-16,20.4
2020-12-15,21.27
2020-12-14,21.25
2020-12-11,19.85
2020-12-10,20.03
2020-12-09,20.15
2020-12-08,20.7
2020-12-07,21.3
2020-12-04,21.01
2020-12-03,20.02
2020-12-02,20.18
2020-12-01,20.21
2020-11-30,20.77
2020-11-27,19.66
2020-11-26,20
2020-11-25,20.82
2020-11-24,19.81
2020-11-23,19.79
2020-11-20,19.21
2020-11-19,19.41
2020-11-18,19.63
2020-11-17,19.72
2020-11-16,20.5
2020-11-13,19.77
2020-11-12,19.85
2020-11-11,20.68
2020-11-10,21.02
2020-11-09,21.58
2020-11-06,21.74
2020-11-05,22.16
2020-11-04,24.75
2020-11-03,26.54
2020-11-02,28.65
2020-10-30,31.97
2020-10-29,25.9
2020-10-28,23.29
2020-10-27,23.58
2020-10-26,22.94
2020-10-23,21.9
2020-10-22,22.54
2020-10-21,21.88
2020-10-20,22.18
2020-10-19,22.51
2020-10-16,22.03
2020-10-15,21.47
2020-10-14,20.97
2020-10-13,20.34
2020-10-12,20.36
2020-10-08,21
2020-10-07,21.55
2020-10-06,22.29
2020-10-05,23.87
2020-09-29,24.15
2020-09-28,25.01
2020-09-25,26.13
2020-09-24,27.21
2020-09-23,24.64
2020-09-22,25.2
2020-09-21,23.31
2020-09-18,21.59
2020-09-17,22.31
2020-09-16,21.05
2020-09-15,20.97
2020-09-14,21.28
2020-09-11,21.68
2020-09-10,22.14
2020-09-09,24.73
2020-09-08,23.87
2020-09-07,25.85
2020-09-04,27.83
2020-09-03,25.3
2020-09-02,26.26
2020-09-01,27.59
2020-08-31,27.77
2020-08-28,26.4
2020-08-27,27.22
2020-08-26,25.44
2020-08-25,24.63
2020-08-24,26.44
2020-08-21,26.89
2020-08-20,28.18
2020-08-19,24.38
2020-08-18,25.21
2020-08-14,22.58
2020-08-13,22.12
2020-08-12,22.86
2020-08-11,22.98
2020-08-10,22.94
2020-08-07,22.07
2020-08-06,22.06
2020-08-05,21.58
2020-08-04,22.42
2020-08-03,23.52
2020-07-31,23.57
2020-07-30,22.91
2020-07-29,23.33
2020-07-28,22.92
2020-07-27,22.96
2020-07-24,22.5
2020-07-23,21
2020-07-22,20.82
2020-07-21,21.09
2020-07-20,22.37
2020-07-17,22.34
2020-07-16,23.48
2020-07-15,23.63
2020-07-14,24.45
2020-07-13,23.63
2020-07-10,24.83
2020-07-09,23.38
2020-07-08,25.04
2020-07-07,24.85
2020-07-06,24.02
2020-07-03,24.78
2020-07-02,27.45
2020-07-01,29.9
2020-06-30,31.07
2020-06-29,33.58
2020-06-26,30.56
2020-06-25,33.12
2020-06-24,30.2
2020-06-23,31.73
2020-06-22,34.03
2020-06-19,34.04
2020-06-18,37.3
2020-06-17,37.05
2020-06-16,35.9
2020-06-15,39.69
2020-06-12,32.88
2020-06-11,26.79
2020-06-10,26.06
2020-06-09,26.53
2020-06-08,27.4
2020-06-05,25.45
2020-06-04,25.69
2020-06-03,25.74
2020-06-02,25
2020-06-01,24.94
2020-05-29,25.64
2020-05-28,25.24
2020-05-27,24.47
2020-05-26,23.8
2020-05-25,25.27
2020-05-22,27.74
2020-05-21,23.57
2020-05-20,24.85
2020-05-19,25
2020-05-18,27.04
2020-05-15,26.96
2020-05-14,26.79
2020-05-13,25.75
2020-05-12,27.79
2020-05-11,29.33
2020-05-08,28.77
2020-05-07,31.31
2020-05-06,31.81
2020-05-04,36.36
2020-04-29,30.51
2020-04-28,32.64
2020-04-27,35.15
2020-04-24,37.54
2020-04-23,34.46
2020-04-22,36.55
2020-04-21,36.53
2020-04-20,33.29
2020-04-17,31.44
2020-04-16,34.82
2020-04-14,36.04
2020-04-13,39.69
2020-04-10,35.84
2020-04-09,35.55
2020-04-08,40.05
2020-04-07,36.14
2020-04-06,38.26
2020-04-03,45.34
2020-04-02,47.24
2020-04-01,50
2020-03-31,48.55
2020-03-30,54.83
2020-03-27,54.62
2020-03-26,52.76
2020-03-25,49.32
2020-03-24,53.78
2020-03-23,62.5
2020-03-20,60.73
2020-03-19,69.24
2020-03-18,62.8
2020-03-17,64.49
2020-03-16,64.56
2020-03-13,53.86
2020-03-12,43.07
2020-03-11,37.6
2020-03-10,34.8
2020-03-09,36.21
2020-03-06,27.47
2020-03-05,23.66
2020-03-04,26.76
2020-03-03,29.49
2020-03-02,32.66
2020-02-28,33.81
2020-02-27,26.84
2020-02-26,25.1
2020-02-25,22.72
2020-02-24,23.65
2020-02-21,19.8
2020-02-20,18.24
2020-02-19,18.19
2020-02-18,18.25
2020-02-17,17.16
2020-02-14,16.85
2020-02-13,16.68
2020-02-12,16.95
2020-02-11,18.16
2020-02-10,18.22
2020-02-07,17.53
2020-02-06,17.81
2020-02-05,18.23
2020-02-04,18.39
2020-02-03,19.32
2020-01-31,19.29
2020-01-30,18.38
2020-01-29,16.99
2020-01-28,18.32
2020-01-23,15.3
2020-01-22,14.29
2020-01-21,14.41
2020-01-20,13.64
2020-01-17,13.6
2020-01-16,13.58
2020-01-15,13.37
2020-01-14,13.41
2020-01-13,13.26
2020-01-10,12.81
2020-01-09,13.58
2020-01-08,15.97
2020-01-07,15.08
2020-01-06,15.88
2020-01-03,15.88
2020-01-02,15.4
2019-12-30,14.69
2019-12-27,14.13
2019-12-26,14.15
2019-12-24,13.81
2019-12-23,13.97
2019-12-20,13.08
2019-12-19,13.2
2019-12-18,13.01
2019-12-17,13.05
2019-12-16,13.27
2019-12-13,13.12
2019-12-12,13.39
2019-12-11,13.4
2019-12-10,13.33
2019-12-09,13.61
2019-12-06,13.91
2019-12-05,14.55
2019-12-04,14.37
2019-12-03,14.26
2019-12-02,13.96
2019-11-29,13.96
2019-11-28,13.77
2019-11-27,13.85
2019-11-26,14.21
2019-11-25,13.91
2019-11-22,13.88
2019-11-21,14.52
2019-11-20,14.11
2019-11-19,13.52
2019-11-18,13.34
2019-11-15,13.11
2019-11-14,13.42
2019-11-13,13.85
2019-11-12,13.65
2019-11-11,14.21
2019-11-08,13.79
2019-11-07,13.78
2019-11-06,13.89
2019-11-05,13.42
2019-11-04,13.32
2019-11-01,13.22
2019-10-31,13.59
2019-10-30,13.85
2019-10-29,13.48
2019-10-28,13.64
2019-10-25,13.42
2019-10-24,13.2
2019-10-23,13.22
2019-10-22,13.09
2019-10-21,13.84
2019-10-18,13.85
2019-10-17,13.34
2019-10-16,13.27
2019-10-15,13.8
2019-10-14,14.3
2019-10-11,14.84
2019-10-10,15.63
2019-10-08,15.37
2019-10-07,16.25
2019-10-04,16.31
2019-10-02,15.86
2019-10-01,14.89
2019-09-30,15.15
2019-09-27,14.85
2019-09-26,15.06
2019-09-25,15.62
2019-09-24,14.69
2019-09-23,14.7
2019-09-20,14.08
2019-09-19,14.26
2019-09-18,14.76
2019-09-17,14.63
2019-09-16,14.41
2019-09-11,13.5
2019-09-10,13.43
2019-09-09,14.37
2019-09-06,14.54
2019-09-05,15.07
2019-09-04,15.97
2019-09-03,16.53
2019-09-02,16.15
2019-08-30,15.75
2019-08-29,16.81
2019-08-28,16.46
2019-08-27,16.66
2019-08-26,17.33
2019-08-23,15.55
2019-08-22,15.23
2019-08-21,15.18
2019-08-20,14.99
2019-08-19,16.41
2019-08-16,17.06
2019-08-14,16.09
2019-08-13,17.25
2019-08-12,15.34
2019-08-09,15.91
2019-08-08,16.47
2019-08-07,19.24
2019-08-06,20.62
2019-08-05,19.08
2019-08-02,16.01
2019-08-01,15.22
2019-07-31,15.29
2019-07-30,14.96
2019-07-29,15.08
2019-07-26,14.34
2019-07-25,14.09
2019-07-24,13.75
2019-07-23,13.16
2019-07-22,13.67
2019-07-19,13.11
2019-07-18,13.8
2019-07-17,13.04
2019-07-16,12.57
2019-07-15,13.03
2019-07-12,12.81
2019-07-11,13.96
2019-07-10,14.63
2019-07-09,14.43
2019-07-08,14.48
2019-07-05,13.16
2019-07-04,13.15
2019-07-03,13.5
2019-07-02,13.41
2019-07-01,14.03
2019-06-28,14.43
2019-06-27,13.94
2019-06-26,14.05
2019-06-25,14.09
2019-06-24,13.99
2019-06-21,13.77
2019-06-20,13.67
2019-06-19,14.4
2019-06-18,14.54
2019-06-17,14.68
2019-06-14,14.4
2019-06-13,14.89
2019-06-12,14.96
2019-06-11,14.85
2019-06-10,14.94
2019-06-07,15.79
2019-06-05,16.46
2019-06-04,17.4
2019-06-03,17.32
2019-05-31,17.32
2019-05-30,16.67
2019-05-29,17.32
2019-05-28,17.01
2019-05-27,17.07
2019-05-24,16.66
2019-05-23,16.4
2019-05-22,16.1
2019-05-21,15.66
2019-05-20,15.9
2019-05-17,16.03
2019-05-16,16.6
2019-05-15,16.63
2019-05-14,18.05
2019-05-13,18.38
2019-05-10,18.53
2019-05-09,18.28
2019-05-08,15.83
2019-05-07,14.61
2019-05-03,13.54
2019-05-02,13.72
2019-04-30,13.28
2019-04-29,13.22
2019-04-26,12.98
2019-04-25,12.88
2019-04-24,12.9
2019-04-23,12.72
2019-04-22,12.89
2019-04-19,12.45
2019-04-18,12.85
2019-04-17,12.65
2019-04-16,12.66
2019-04-15,12.92
2019-04-12,12.41
2019-04-11,12.29
2019-04-10,30.4
2019-04-09,12.67
2019-04-08,13.15
2019-04-05,13.59
2019-04-04,13.6
2019-04-03,13.29
2019-04-02,13.34
2019-04-01,13.73
2019-03-29,14.29
2019-03-28,14.92
2019-03-27,14.67
2019-03-26,14.82
2019-03-25,15.06
2019-03-22,13.1
2019-03-21,13.48
2019-03-20,13.95
2019-03-19,13.6
2019-03-18,13.9
2019-03-15,13.6
2019-03-14,13.96
2019-03-13,14.79
2019-03-12,14.6
2019-03-11,15.58
2019-03-08,15.17
2019-03-07,14.55
2019-03-06,14.53
2019-03-05,14.75
2019-03-04,15.01
2019-02-28,15.49
2019-02-27,14.54
2019-02-26,14.63
2019-02-25,14.59
2019-02-22,14.2
2019-02-21,14.53
2019-02-20,14.64
2019-02-19,15.15
2019-02-18,14.29
2019-02-15,14.24
2019-02-14,13.76
2019-02-13,15.77
2019-02-12,14.88
2019-02-11,14.87
2019-02-08,14.83
2019-02-07,14.75
2019-02-01,14.86
2019-01-31,15.51
2019-01-30,16.99
2019-01-29,15.18
2019-01-28,14.94
2019-01-25,14.42
2019-01-24,14.03
2019-01-23,14.8
2019-01-22,14.93
2019-01-21,14.64
2019-01-18,14.32
2019-01-17,14.98
2019-01-16,14.62
2019-01-15,15.06
2019-01-14,14.97
2019-01-11,14.67
2019-01-10,15.01
2019-01-09,15.45
2019-01-08,16.13
2019-01-07,16.67
2019-01-04,17.96
2019-01-03,19.25
2019-01-02,19.74
2018-12-28,18.99
2018-12-27,19.26
2018-12-26,21.74
2018-12-24,19.49
2018-12-21,18.67
2018-12-20,18.57
2018-12-19,17.85
2018-12-18,17.98
2018-12-17,17.44
2018-12-14,17.65
2018-12-13,15.87
2018-12-12,17.25
2018-12-11,18.62
2018-12-10,19.82
2018-12-07,18.15
2018-12-06,18.96
2018-12-05,17.1
2018-12-04,16.75
2018-12-03,16.62
2018-11-30,18.57
2018-11-29,17.99
2018-11-28,17.54
2018-11-27,17.46
2018-11-26,17.82
2018-11-23,18.48
2018-11-22,18.41
2018-11-21,18.91
2018-11-20,18.55
2018-11-19,17.72
2018-11-16,18.15
2018-11-15,18.32
2018-11-14,18.94
2018-11-13,18.62
2018-11-12,16.69
2018-11-09,15.79
2018-11-08,16.6
2018-11-07,19.25
2018-11-06,19.89
2018-11-05,19.73
2018-11-02,18.11
2018-11-01,19.7
2018-10-31,20.49
2018-10-30,21.91
2018-10-29,23.03
2018-10-26,22.42
2018-10-25,20.68
2018-10-24,18.93
2018-10-23,19.04
2018-10-22,16.24
2018-10-19,15.96
2018-10-18,16.4
2018-10-17,16.08
2018-10-16,18.05
2018-10-15,18.4
2018-10-12,17.18
2018-10-11,19.49
2018-10-10,14.72
2018-10-08,14.01
2018-10-05,13.06
2018-10-04,12.93
2018-10-02,11.81
2018-10-01,11.6
2018-09-28,11.24
2018-09-27,11.35
2018-09-21,11.09
2018-09-20,10.97
2018-09-19,11.42
2018-09-18,11.62
2018-09-17,11.56
2018-09-14,10.66
2018-09-13,11.51
2018-09-12,12.01
2018-09-11,12.29
2018-09-10,12.56
2018-09-07,12.72
2018-09-06,12.44
2018-09-05,12.6
2018-09-04,11.63
2018-09-03,11.99
2018-08-31,11.64
2018-08-30,11.43
2018-08-29,11.38
2018-08-28,11.66
2018-08-27,11.74
2018-08-24,11.61
2018-08-23,12.01
2018-08-22,12.29
2018-08-21,12.43
2018-08-20,13.64
2018-08-17,13.79
2018-08-16,14.32
2018-08-14,13.13
2018-08-13,14.21
2018-08-10,12.14
2018-08-09,11.44
2018-08-08,12.02
2018-08-07,12.04
2018-08-06,12.49
2018-08-03,12.4
2018-08-02,13.47
2018-08-01,12.51
2018-07-31,13.05
2018-07-30,13.2
2018-07-27,12.67
2018-07-26,13.17
2018-07-25,13.89
2018-07-24,14.09
2018-07-23,14.66
2018-07-20,13.93
2018-07-19,14.27
2018-07-18,14
2018-07-17,13.8
2018-07-16,13.57
2018-07-13,13.06
2018-07-12,14.11
2018-07-11,14.83
2018-07-10,13.89
2018-07-09,14.81
2018-07-06,16.28
2018-07-05,17.34
2018-07-04,17.49
2018-07-03,17.76
2018-07-02,18.34
2018-06-29,16.04
2018-06-28,16.7
2018-06-27,16.08
2018-06-26,15.74
2018-06-25,15.48
2018-06-22,15.17
2018-06-21,15.85
2018-06-20,15.38
2018-06-19,16.74
2018-06-18,15.09
2018-06-15,13.65
2018-06-14,13.18
2018-06-12,12.81
2018-06-11,13.25
2018-06-08,12.96
2018-06-07,12.35
2018-06-05,12.51
2018-06-04,12.67
2018-06-01,13.18
2018-05-31,14.55
2018-05-30,15.52
2018-05-29,12.93
2018-05-28,12.55
2018-05-25,12.5
2018-05-24,12.84
2018-05-23,12.82
2018-05-21,12.94
2018-05-18,12.69
2018-05-17,13.09
2018-05-16,12.69
2018-05-15,12.8
2018-05-14,11.71
2018-05-11,11.25
2018-05-10,11.95
2018-05-09,12.73
2018-05-08,13.39
2018-05-04,13.31
2018-05-03,13.66
2018-05-02,13.63
2018-04-30,13.59
2018-04-27,14.05
2018-04-26,14.57
2018-04-25,14.86
2018-04-24,14.3
2018-04-23,13.58
2018-04-20,12.91
2018-04-19,12.6
2018-04-18,12.92
2018-04-17,13.35
2018-04-16,13.91
2018-04-13,13.81
2018-04-12,15.24
2018-04-11,15.65
2018-04-10,15.11
2018-04-09,16.5
2018-04-06,17.35
2018-04-05,17.03
2018-04-04,18.86
2018-04-03,18.61
2018-04-02,18.3
2018-03-30,17.54
2018-03-29,18.94
2018-03-28,19.81
2018-03-27,18.16
2018-03-26,19.29
2018-03-23,20.21
2018-03-22,16.24
2018-03-21,16.73
2018-03-20,16.47
2018-03-19,16.3
2018-03-16,15.52
2018-03-15,15.52
2018-03-14,15.16
2018-03-13,15.05
2018-03-12,15.13
2018-03-09,14.8
2018-03-08,15.49
2018-03-07,17.6
2018-03-06,16.67
2018-03-05,18.69
2018-03-02,17.39
2018-02-28,15.55
2018-02-27,14.53
2018-02-26,15.11
2018-02-23,15.49
2018-02-22,16.85
2018-02-21,16.56
2018-02-20,17.1
2018-02-19,16.66
2018-02-14,18.52
2018-02-13,20.14
2018-02-12,21.67
2018-02-09,23.73
2018-02-08,18.21
2018-02-07,23.04
2018-02-06,22.61
2018-02-05,16.24
2018-02-02,14.34
2018-02-01,13.98
2018-01-31,14.54
2018-01-30,14.23
2018-01-29,13.42
2018-01-26,12.52
2018-01-25,12.48
2018-01-24,12.76
2018-01-23,12.75
2018-01-22,13.09
2018-01-19,12.67
2018-01-18,12.53
2018-01-17,12.21
2018-01-16,11.81
2018-01-15,11.78
2018-01-12,11
2018-01-11,11.19
2018-01-10,12.12
2018-01-09,12.03
2018-01-08,12.31
2018-01-05,11.92
2018-01-04,12.22
2018-01-03,12.64
2018-01-02,12.66
2017-12-28,12.06
2017-12-27,12.9
2017-12-26,12.93
2017-12-22,11.92
2017-12-21,12.72
2017-12-20,11.87
2017-12-19,11.75
2017-12-18,11.4
2017-12-15,11.06
2017-12-14,11.76
2017-12-13,11.18
2017-12-12,12.16
2017-12-11,12.46
2017-12-08,13.04
2017-12-07,13.66
2017-12-06,13.58
2017-12-05,12.98
2017-12-04,13.23
2017-12-01,13.26
2017-11-30,13.2
2017-11-29,12.23
2017-11-28,12
2017-11-27,12.43
2017-11-24,11.49
2017-11-23,11.5
2017-11-22,11.47
2017-11-21,11.53
2017-11-20,11.79
2017-11-17,11.29
2017-11-16,11.33
2017-11-15,12.03
2017-11-14,11.64
2017-11-13,11.81
2017-11-10,11.11
2017-11-09,11.97
2017-11-08,13.22
2017-11-07,13.92
2017-11-06,13.79
2017-11-03,13.09
2017-11-02,12.99
2017-11-01,12.69
2017-10-31,12.06
2017-10-30,12.39
2017-10-27,12.21
2017-10-26,12.57
2017-10-25,12.37
2017-10-24,12.29
2017-10-23,12.23
2017-10-20,11.93
2017-10-19,12.4
2017-10-18,12.08
2017-10-17,12
2017-10-16,11.92
2017-10-13,11.46
2017-10-12,12.18
2017-10-11,13.2
2017-10-10,13.86
2017-09-29,13.41
2017-09-28,12.65
2017-09-27,12.37
2017-09-26,12.65
2017-09-25,12.36
2017-09-22,12.32
2017-09-21,11.56
2017-09-20,11.69
2017-09-19,11.34
2017-09-18,11.34
2017-09-15,11.12
2017-09-14,11.53
2017-09-13,13.4
2017-09-12,13.46
2017-09-11,13.89
2017-09-08,14.99
2017-09-07,14.66
2017-09-06,16.29
2017-09-05,16.12
2017-09-04,15.23
2017-09-01,13.36
2017-08-31,13.64
2017-08-30,12.94
2017-08-29,13.72
2017-08-28,13.05
2017-08-25,12.18
2017-08-24,12.17
2017-08-23,12.61
2017-08-22,12.65
2017-08-21,13.41
2017-08-18,13.1
2017-08-17,12.19
2017-08-16,14.09
2017-08-14,16.75
2017-08-11,18.96
2017-08-10,16.55
2017-08-09,15.7
2017-08-08,12.54
2017-08-07,12.62
2017-08-04,12.78
2017-08-03,13.48
2017-08-02,11.41
2017-08-01,11.66
2017-07-31,12.79
2017-07-28,12.93
2017-07-27,10.38
2017-07-26,10.52
2017-07-25,10.36
2017-07-24,10.06
2017-07-21,9.82
2017-07-20,10.39
2017-07-19,10.62
2017-07-18,10.74
2017-07-17,10.78
2017-07-14,10.43
2017-07-13,10.93
2017-07-12,11.73
2017-07-11,12.09
2017-07-10,12.55
2017-07-07,12.97
2017-07-06,12.99
2017-07-05,13.18
2017-07-04,14.03
2017-07-03,12.3
2017-06-30,12
2017-06-29,11.65
2017-06-28,11.98
2017-06-27,11.74
2017-06-26,11.87
2017-06-23,11.31
2017-06-22,11.18
2017-06-21,11.63
2017-06-20,11.71
2017-06-19,11.74
2017-06-16,11.46
2017-06-15,11.71
2017-06-14,11.63
2017-06-13,11.54
2017-06-12,12.09
2017-06-09,11.43
2017-06-08,12.12
2017-06-07,12.89
2017-06-05,12.97
2017-06-02,12.68
2017-06-01,12.77
2017-05-31,13.18
2017-05-30,13.6
2017-05-29,14.02
2017-05-26,13.51
2017-05-25,13.56
2017-05-24,12.95
2017-05-23,12.88
2017-05-22,12.79
2017-05-19,12.88
2017-05-18,13.18
2017-05-17,12.83
2017-05-16,12.51
2017-05-15,12.89
2017-05-12,12.32
2017-05-11,14.72
2017-05-10,16.15
2017-05-08,15.74
2017-05-04,13.77
2017-05-02,13.18
2017-04-28,12.27
2017-04-27,11.82
2017-04-26,12.18
2017-04-25,12.02
2017-04-24,12.77
2017-04-21,12.89
2017-04-20,13.3
2017-04-19,14.87
2017-04-18,15.38
2017-04-17,15.81
2017-04-14,16.4
2017-04-13,14.53
2017-04-12,15.75
2017-04-11,16.68
2017-04-10,14.77
2017-04-07,12.63
2017-04-06,11.82
2017-04-05,11.1
2017-04-04,10.94
2017-04-03,11.01
2017-03-31,11.06
2017-03-30,11.2
2017-03-29,11.55
2017-03-28,12.25
2017-03-27,12.97
2017-03-24,12.36
2017-03-23,12.75
2017-03-22,13.16
2017-03-21,12.64
2017-03-20,11.74
2017-03-17,11.25
2017-03-16,11.27
2017-03-15,11.38
2017-03-14,11.11
2017-03-13,10.7
2017-03-10,10.67
2017-03-09,11.96
2017-03-08,11.3
2017-03-07,11.19
2017-03-06,11.28
2017-03-03,10.97
2017-03-02,10.55
2017-02-28,10.64
2017-02-27,10.62
2017-02-24,10.19
2017-02-23,9.79
2017-02-22,9.72
2017-02-21,10
2017-02-20,10.17
2017-02-17,10.02
2017-02-16,10.14
2017-02-15,10.19
2017-02-14,10.47
2017-02-13,10.49
2017-02-10,10.39
2017-02-09,10.92
2017-02-08,11.31
2017-02-07,11.71
2017-02-06,11.96
2017-02-03,11.93
2017-02-02,12.21
2017-02-01,12.1
2017-01-31,12.53
2017-01-26,11.59
2017-01-25,12.12
2017-01-24,12.49
2017-01-23,12.91
2017-01-20,12.72
2017-01-19,12.56
2017-01-18,12.25
2017-01-17,11.81
2017-01-16,11.8
2017-01-13,10.96
2017-01-12,12.03
2017-01-11,11.39
2017-01-10,10.97
2017-01-09,11.13
2017-01-06,11
2017-01-05,11.12
2017-01-04,10.9
2017-01-03,11.24
2017-01-02,11.68
2016-12-29,11.51
2016-12-28,11.22
2016-12-27,11.5
2016-12-26,11.37
2016-12-23,11.09
2016-12-22,11.09
2016-12-21,11.08
2016-12-20,11.03
2016-12-19,11.28
2016-12-16,10.92
2016-12-15,11.04
2016-12-14,11.31
2016-12-13,11.39
2016-12-12,11.85
2016-12-09,11.84
2016-12-08,11.68
2016-12-07,11.68
2016-12-06,12.29
2016-12-05,13.16
2016-12-02,13.49
2016-12-01,12.94
2016-11-30,12.8
2016-11-29,12.96
2016-11-28,12.78
2016-11-25,12.51
2016-11-24,12.42
2016-11-23,12.25
2016-11-22,12.85
2016-11-21,13.86
2016-11-18,13.71
2016-11-17,14.08
2016-11-16,14.93
2016-11-15,16.23
2016-11-14,16.74
2016-11-11,15.04
2016-11-10,14.23
2016-11-09,19.26
2016-11-08,16.52
2016-11-07,17.7
2016-11-04,18.41
2016-11-03,16.94
2016-11-02,17.25
2016-11-01,14.79
2016-10-31,14.61
2016-10-28,13.23
2016-10-27,13.08
2016-10-26,13.39
2016-10-25,12.62
2016-10-24,12.8
2016-10-21,13.18
2016-10-20,13.35
2016-10-19,13.65
2016-10-18,13.92
2016-10-17,14.55
2016-10-14,14.11
2016-10-13,15.19
2016-10-12,14.75
2016-10-11,15.46
2016-10-10,14.47
2016-10-07,14.24
2016-10-06,13.83
2016-10-05,13.94
2016-10-04,13.88
2016-09-30,14.11
2016-09-29,12.33
2016-09-28,12.79
2016-09-27,12.54
2016-09-26,12.68
2016-09-23,11.88
2016-09-22,12.23
2016-09-21,14.04
2016-09-20,13.96
2016-09-19,14.01
2016-09-13,15.71
2016-09-12,16.47
2016-09-09,11.56
2016-09-08,11.13
2016-09-07,11.08
2016-09-06,10.84
2016-09-05,11.44
2016-09-02,11.75
2016-09-01,11.65
2016-08-31,11.56
2016-08-30,11.49
2016-08-29,11.98
2016-08-26,12.01
2016-08-25,11.92
2016-08-24,12.03
2016-08-23,11.87
2016-08-22,12.35
2016-08-19,11.73
2016-08-18,11.64
2016-08-17,11.82
2016-08-16,11.9
2016-08-12,11.2
2016-08-11,11.38
2016-08-10,11.68
2016-08-09,11.47
2016-08-08,12.24
2016-08-05,12.56
2016-08-04,12.72
2016-08-03,13.14
2016-08-02,12.58
2016-08-01,12.59
2016-07-29,12.6
2016-07-28,12.68
2016-07-27,12.88
2016-07-26,12.64
2016-07-25,13.02
2016-07-22,12.85
2016-07-21,12.84
2016-07-20,13.04
2016-07-19,13.49
2016-07-18,13.43
2016-07-15,13.35
2016-07-14,13.95
2016-07-13,14.41
2016-07-12,14.33
2016-07-11,14.08
2016-07-08,14.74
2016-07-07,13.85
2016-07-06,14.68
2016-07-05,12.8
2016-07-04,12.38
2016-07-01,12.91
2016-06-30,13.9
2016-06-29,14.67
2016-06-28,17.39
2016-06-27,19.47
2016-06-24,22.53
2016-06-23,18.17
2016-06-22,16.71
2016-06-21,16.1
2016-06-20,16.4
2016-06-17,17.73
2016-06-16,17.44
2016-06-15,16.21
2016-06-14,16.1
2016-06-13,15.08
2016-06-10,11.87
2016-06-09,12.08
2016-06-08,12.19
2016-06-07,12.3
2016-06-03,11.81
2016-06-02,11.6
2016-06-01,11.67
2016-05-31,11.81
2016-05-30,11.92
2016-05-27,11.55
2016-05-26,11.71
2016-05-25,11.91
2016-05-24,12.8
2016-05-23,12.46
2016-05-20,12.1
2016-05-19,12.08
2016-05-18,11.99
2016-05-17,11.7
2016-05-16,11.84
2016-05-13,11.93
2016-05-12,12.05
2016-05-11,12.79
2016-05-10,12.61
2016-05-09,13.14
2016-05-04,12.82
2016-05-03,12.51
2016-05-02,12.78
2016-04-29,12.42
2016-04-28,12.74
2016-04-27,12.74
2016-04-26,12.49
2016-04-25,12.83
2016-04-22,12.33
2016-04-21,12.19
2016-04-20,12.73
2016-04-19,12.42
2016-04-18,12.93
2016-04-15,12.11
2016-04-14,12.48
2016-04-12,12.51
2016-04-11,13.35
2016-04-08,13.07
2016-04-07,13.06
2016-04-06,13.31
2016-04-05,13.83
2016-04-04,13.25
2016-04-01,13.56
2016-03-31,12.33
2016-03-30,11.9
2016-03-29,12.3
2016-03-28,12.78
2016-03-25,12.28
2016-03-24,12.64
2016-03-23,12.71
2016-03-22,12.68
2016-03-21,13.51
2016-03-18,12.94
2016-03-17,13.26
2016-03-16,14.13
2016-03-15,13.97
2016-03-14,13.9
2016-03-11,13.52
2016-03-10,13.63
2016-03-09,14.24
2016-03-08,14.08
2016-03-07,13.96
2016-03-04,14.11
2016-03-03,14.33
2016-03-02,15.31
2016-02-29,17.56
2016-02-26,16.82
2016-02-25,16.95
2016-02-24,17.13
2016-02-23,16.61
2016-02-22,16.9
2016-02-19,17.12
2016-02-18,17.33
2016-02-17,18.55
2016-02-16,19.08
2016-02-15,21.1
2016-02-12,23.47
2016-02-11,22.55
2016-02-05,18.15
2016-02-04,16.74
2016-02-03,18.43
2016-02-02,17.38
2016-02-01,17.41
2016-01-29,17.93
2016-01-28,18.77
2016-01-27,19.19
2016-01-26,20.41
2016-01-25,19.11
2016-01-22,20.23
2016-01-21,24.15
2016-01-20,24.04
2016-01-19,20.01
2016-01-18,21.22
2016-01-15,20.7
2016-01-14,19.06
2016-01-13,18.05
2016-01-12,20.48
2016-01-11,20.06
2016-01-08,17.82
2016-01-07,19.02
2016-01-06,16.63
2016-01-05,15.92
2016-01-04,16.25
2015-12-30,14.18
2015-12-29,13.9
2015-12-28,14.54
2015-12-24,13.37
2015-12-23,13.33
2015-12-22,14.63
2015-12-21,15.24
2015-12-18,14.16
2015-12-17,14.34
2015-12-16,16.27
2015-12-15,17.59
2015-12-14,17.14
2015-12-11,15.39
2015-12-10,15.88
2015-12-09,15.66
2015-12-08,15.73
2015-12-07,15.06
2015-12-04,15.44
2015-12-03,14.86
2015-12-02,13.92
2015-12-01,13.65
2015-11-30,14.37
2015-11-27,12.86
2015-11-26,12.67
2015-11-25,12.58
2015-11-24,12.57
2015-11-23,13.09
2015-11-20,13.38
2015-11-19,13.68
2015-11-18,14.97
2015-11-17,14.99
2015-11-16,16.77
2015-11-13,14.9
2015-11-12,14.79
2015-11-11,14.68
2015-11-10,15.36
2015-11-09,14.04
2015-11-06,13.98
2015-11-05,13.69
2015-11-04,13.68
2015-11-03,13.52
2015-11-02,14.6
2015-10-30,14.22
2015-10-29,14.7
2015-10-28,14.69
2015-10-27,14.3
2015-10-26,14.22
2015-10-23,13.94
2015-10-22,14.5
2015-10-21,14.41
2015-10-20,15.49
2015-10-19,16.31
2015-10-16,15.84
2015-10-15,15.92
2015-10-14,16.49
2015-10-13,15.96
2015-10-12,16.2
2015-10-08,15.97
2015-10-07,15.89
2015-10-06,17.06
2015-10-05,17.69
2015-10-02,18.47
2015-10-01,18.44
2015-09-30,20.48
2015-09-25,19.56
2015-09-24,19.52
2015-09-23,19.71
2015-09-22,18.31
2015-09-21,19.91
2015-09-18,17.5
2015-09-17,20.76
2015-09-16,21.23
2015-09-15,22.03
2015-09-14,21.88
2015-09-11,19.86
2015-09-10,20.75
2015-09-09,18.01
2015-09-08,21.34
2015-09-07,24.14
2015-09-04,22.74
2015-09-03,20.41
2015-09-02,22.4
2015-09-01,22.09
2015-08-31,19.75
2015-08-28,18.34
2015-08-27,20.33
2015-08-26,22.99
2015-08-25,28.05
2015-08-24,28.58
2015-08-21,18.51
2015-08-20,14.92
2015-08-19,14.57
2015-08-18,14.13
2015-08-17,14.34
2015-08-13,13.93
2015-08-12,14.53
2015-08-11,13.85
2015-08-10,13.7
2015-08-07,13.51
2015-08-06,13.67
2015-08-05,12.97
2015-08-04,13.32
2015-08-03,14.03
2015-07-31,13.54
2015-07-30,13.85
2015-07-29,13.65
2015-07-28,14.09
2015-07-27,13.78
2015-07-24,13.26
2015-07-23,13.13
2015-07-22,13.47
2015-07-21,13.17
2015-07-20,13.24
2015-07-17,12.88
2015-07-16,12.68
2015-07-15,13.4
2015-07-14,14.18
2015-07-13,14.92
2015-07-10,15.41
2015-07-09,14.92
2015-07-08,15.65
2015-07-07,14.51
2015-07-06,15.4
2015-07-03,13.75
2015-07-02,13.13
2015-07-01,13.6
2015-06-30,14.45
2015-06-29,14.69
2015-06-26,12.66
2015-06-25,12.83
2015-06-24,12.72
2015-06-23,13.1
2015-06-22,14.24
2015-06-19,13.9
2015-06-18,14.2
2015-06-17,14.36
2015-06-16,14.24
2015-06-15,13.96
2015-06-12,13.3
2015-06-11,13.82
2015-06-10,15.26
2015-06-09,15.54
2015-06-08,15
2015-06-05,14.44
2015-06-04,14.52
2015-06-03,13.9
2015-06-02,13.38
2015-06-01,13.3
2015-05-29,12.59
2015-05-28,12.84
2015-05-27,13.1
2015-05-26,12.36
2015-05-22,11.62
2015-05-21,11.64
2015-05-20,11.59
2015-05-19,11.39
2015-05-18,11.62
2015-05-15,12.14
2015-05-14,12.76
2015-05-13,13.06
2015-05-12,12.72
2015-05-11,12.71
2015-05-08,12.54
2015-05-07,12.13
2015-05-06,12.4
2015-05-04,12.1
2015-04-30,11.76
2015-04-29,12.26
2015-04-28,12.48
2015-04-27,13.21
2015-04-24,13.1
2015-04-23,13.52
2015-04-22,12.32
2015-04-21,12.03
2015-04-20,12.61
2015-04-17,12.29
2015-04-16,12.5
2015-04-15,11.96
2015-04-14,12.09
2015-04-13,12.05
2015-04-10,11.37
2015-04-09,11.12
2015-04-08,11.29
2015-04-07,10.95
2015-04-06,10.92
2015-04-03,11.02
2015-04-02,11.28
2015-04-01,11.36
2015-03-31,11.09
2015-03-30,11.34
2015-03-27,11.31
2015-03-26,11.76
2015-03-25,11.71
2015-03-24,11.6
2015-03-23,11.67
2015-03-20,11.17
2015-03-19,11.38
2015-03-18,12.22
2015-03-17,11.56
2015-03-16,11.56
2015-03-13,11.45
2015-03-12,12.73
2015-03-11,12.37
2015-03-10,11.83
2015-03-09,11.68
2015-03-06,10.78
2015-03-05,10.9
2015-03-04,10.84
2015-03-03,10.82
2015-03-02,11.13
2015-02-27,11.11
2015-02-26,11.35
2015-02-25,11.43
2015-02-24,11.78
2015-02-23,11.86
2015-02-17,11.69
2015-02-16,11.64
2015-02-13,11.58
2015-02-12,12.74
2015-02-11,12.98
2015-02-10,13.12
2015-02-09,12.98
2015-02-06,13.06
2015-02-05,13.34
2015-02-04,13.14
2015-02-03,13.67
2015-02-02,14.11
2015-01-30,13.67
2015-01-29,13.84
2015-01-28,13.5
2015-01-27,13.25
2015-01-26,13.77
2015-01-23,13.2
2015-01-22,13.9
2015-01-21,13.85
2015-01-20,13.85
2015-01-19,14.08
2015-01-16,14.61
2015-01-15,13.61
2015-01-14,13.86
2015-01-13,13.34
2015-01-12,13.36
2015-01-09,12.87
2015-01-08,13.36
2015-01-07,13.72
2015-01-06,13.88
2015-01-05,12.41
2015-01-02,12.5
2014-12-30,12.97
2014-12-29,12.91
2014-12-26,12.32
2014-12-24,12.43
2014-12-23,12.77
2014-12-22,12.9
2014-12-19,13.47
2014-12-18,15.21
2014-12-17,15.86
2014-12-16,14.96
2014-12-15,13.92
2014-12-12,13.39
2014-12-11,14.43
2014-12-10,13.65
2014-12-09,12.33
2014-12-08,12.67
2014-12-05,12.29
2014-12-04,12.16
2014-12-03,11.49
2014-12-02,11.83
2014-12-01,12.07
2014-11-28,11.59
2014-11-27,11.7
2014-11-26,12.02
2014-11-25,12.03
2014-11-24,12.32
2014-11-21,12.63
2014-11-20,12.89
2014-11-19,13
2014-11-18,13.01
2014-11-17,13.57
2014-11-14,13.55
2014-11-13,14.23
2014-11-12,13.73
2014-11-11,13.73
2014-11-10,13.98
2014-11-07,14.29
2014-11-06,14.35
2014-11-05,14.44
2014-11-04,14.86
2014-11-03,14.45
2014-10-31,13.99
2014-10-30,13.41
2014-10-29,13.51
2014-10-28,14.01
2014-10-27,14.32
2014-10-24,14.7
2014-10-23,14.55
2014-10-22,14.89
2014-10-21,15.99
2014-10-20,16.17
2014-10-17,18.65
2014-10-16,17.07
2014-10-15,15.71
2014-10-14,16.38
2014-10-13,15.74
2014-10-10,15.35
2014-10-08,13.37
2014-10-07,12.98
2014-10-06,13.21
2014-10-02,14.25
2014-10-01,13.16
2014-09-30,12.69
2014-09-29,12.62
2014-09-26,12.3
2014-09-25,12.15
2014-09-24,12.13
2014-09-23,12.14
2014-09-22,12.34
2014-09-19,11.65
2014-09-18,12.2
2014-09-17,12.15
2014-09-16,12.05
2014-09-15,11.93
2014-09-12,11.17
2014-09-11,11.99
2014-09-05,11.65
2014-09-04,11.24
2014-09-03,11.17
2014-09-02,11.25
2014-09-01,11.19
2014-08-29,10.86
2014-08-28,10.79
2014-08-27,10.84
2014-08-26,10.99
2014-08-25,11.53
2014-08-22,11.3
2014-08-21,12.05
2014-08-20,11.45
2014-08-19,11.47
2014-08-18,12.27
2014-08-14,12.57
2014-08-13,12.92
2014-08-12,12.51
2014-08-11,12.39
2014-08-08,12.9
2014-08-07,11.54
2014-08-06,12.09
2014-08-05,12.42
2014-08-04,13.19
2014-08-01,13.08
2014-07-31,12.69
2014-07-30,13.49
2014-07-29,12.18
2014-07-28,11.69
2014-07-25,10.88
2014-07-24,10.85
2014-07-23,10.86
2014-07-22,10.82
2014-07-21,10.95
2014-07-18,10.76
2014-07-17,10.47
2014-07-16,10.47
2014-07-15,10.39
2014-07-14,10.93
2014-07-11,11.3
2014-07-10,11.1
2014-07-09,10.99
2014-07-08,10.61
2014-07-07,10.78
2014-07-04,10.66
2014-07-03,10.85
2014-07-02,10.98
2014-07-01,11.25
2014-06-30,11.48
2014-06-27,11.08
2014-06-26,10.86
2014-06-25,10.95
2014-06-24,10.77
2014-06-23,11.01
2014-06-20,11.48
2014-06-19,10.95
2014-06-18,11.47
2014-06-17,11.37
2014-06-16,11.7
2014-06-13,12.09
2014-06-12,11.6
2014-06-11,11.45
2014-06-10,11.52
2014-06-09,11.63
2014-06-05,11.46
2014-06-03,10.88
2014-06-02,10.89
2014-05-30,10.86
2014-05-29,10.49
2014-05-28,10.8
2014-05-27,11.11
2014-05-26,11.13
2014-05-23,11.09
2014-05-22,11.29
2014-05-21,11.87
2014-05-20,11.99
2014-05-19,11.93
2014-05-16,11.4
2014-05-15,11.37
2014-05-14,11.17
2014-05-13,10.21
2014-05-12,10.38
2014-05-09,10.71
2014-05-08,11.36
2014-05-07,12
2014-05-02,10.76
2014-04-30,11.6
2014-04-29,11.66
2014-04-28,12.18
2014-04-25,12.2
2014-04-24,12.07
2014-04-23,11.79
2014-04-22,11.89
2014-04-21,11.96
2014-04-18,11.47
2014-04-17,12.11
2014-04-16,12.15
2014-04-15,12.15
2014-04-14,12.22
2014-04-11,12.42
2014-04-10,12.59
2014-04-09,12.68
2014-04-08,12.97
2014-04-07,12.92
2014-04-04,12.75
2014-04-03,13.1
2014-04-02,13.34
2014-04-01,13.61
2014-03-31,13.82
2014-03-28,13.23
2014-03-27,12.97
2014-03-26,12.59
2014-03-25,12.96
2014-03-24,12.84
2014-03-21,12.76
2014-03-20,13.76
2014-03-19,13.45
2014-03-18,13.43
2014-03-17,14.34
2014-03-14,14.52
2014-03-13,13.78
2014-03-12,14.49
2014-03-11,13.4
2014-03-10,13.96
2014-03-07,13.17
2014-03-06,13.57
2014-03-05,13.82
2014-03-04,14.45
2014-03-03,14.51
2014-02-28,13.49
2014-02-27,13.44
2014-02-26,13.6
2014-02-25,13.62
2014-02-24,14.36
2014-02-21,14.14
2014-02-20,14.75
2014-02-19,14.54
2014-02-18,14.29
2014-02-17,14.27
2014-02-14,14.14
2014-02-13,14.99
2014-02-12,14.46
2014-02-11,14.78
2014-02-10,15.29
2014-02-07,15.39
2014-02-06,16.52
2014-02-05,17.11
2014-02-04,17.67
2014-02-03,15.88
2014-01-29,14.43
2014-01-28,14.89
2014-01-27,15.07
2014-01-24,13.29
2014-01-23,13.22
2014-01-22,12.9
2014-01-21,12.97
2014-01-20,13.14
2014-01-17,13.11
2014-01-16,12.82
2014-01-15,13.06
2014-01-14,13.29
2014-01-13,13.39
2014-01-10,13.75
2014-01-09,13.4
2014-01-08,13.62
2014-01-07,13.85
2014-01-06,14.29
2014-01-03,14.11
2014-01-02,13.99
2013-12-30,12.84
2013-12-27,12.6
2013-12-26,12.91
2013-12-24,12.64
2013-12-23,13.15
2013-12-20,13.3
2013-12-19,14.08
2013-12-18,15.08
2013-12-17,14.88
2013-12-16,15.41
2013-12-13,14.92
2013-12-12,15.13
2013-12-11,14.31
2013-12-10,14.15
2013-12-09,14.79
2013-12-06,14.93
2013-12-05,14.89
2013-12-04,14.62
2013-12-03,14.62
2013-12-02,14.62
2013-11-29,14.42
2013-11-28,14.69
2013-11-27,14.65
2013-11-26,14.47
2013-11-25,14.48
2013-11-22,14.41
2013-11-21,15.15
2013-11-20,14.13
2013-11-19,13.84
2013-11-18,13.99
2013-11-15,13.78
2013-11-14,14.22
2013-11-13,14.75
2013-11-12,13.56
2013-11-11,13.92
2013-11-08,13.63
2013-11-07,13.47
2013-11-06,13.61
2013-11-05,13.53
2013-11-04,14.03
2013-11-01,13.76
2013-10-31,14.41
2013-10-30,13.55
2013-10-29,13.48
2013-10-28,13.62
2013-10-25,13.56
2013-10-24,13.54
2013-10-23,14.22
2013-10-22,13.81
2013-10-21,13.82
2013-10-18,13.43
2013-10-17,14.01
2013-10-16,14.61
2013-10-15,13.52
2013-10-14,14.19
2013-10-11,13.92
2013-10-10,15.51
2013-10-08,15.39
2013-10-07,15.38
2013-10-04,15.1
2013-10-02,14.72
2013-10-01,15.53
2013-09-30,15.38
2013-09-27,14.45
2013-09-26,14.62
2013-09-25,15.01
2013-09-24,15.43
2013-09-23,15.91
2013-09-17,16.37
2013-09-16,15.93
2013-09-13,15.76
2013-09-12,15.71
2013-09-11,15.65
2013-09-10,15.9
2013-09-09,16.41
2013-09-06,15.97
2013-09-05,16.16
2013-09-04,16.26
2013-09-03,16.02
2013-09-02,16.12
2013-08-30,15.73
2013-08-29,15.66
2013-08-28,15.7
2013-08-27,15.3
2013-08-26,14.61
2013-08-23,15
2013-08-22,16.32
2013-08-21,16.11
2013-08-20,15.58
2013-08-19,14.51
2013-08-16,14.23
2013-08-14,13.78
2013-08-13,14.26
2013-08-12,14.72
2013-08-09,14.38
2013-08-08,14.96
2013-08-07,15.35
2013-08-06,14.98
2013-08-05,14.92
2013-08-02,14.92
2013-08-01,15.48
2013-07-31,16.26
2013-07-30,15.95
2013-07-29,16.32
2013-07-26,15.9
2013-07-25,16.4
2013-07-24,16.52
2013-07-23,17.05
2013-07-22,18.21
2013-07-19,18.08
2013-07-18,18.17
2013-07-17,18.1
2013-07-16,18.16
2013-07-15,17.39
2013-07-12,17.07
2013-07-11,17.3
2013-07-10,17.81
2013-07-09,18.05
2013-07-08,18.62
2013-07-05,18.15
2013-07-04,17.55
2013-07-03,17.93
2013-07-02,17.06
2013-07-01,17.24
2013-06-28,17.11
2013-06-27,18.1
2013-06-26,20.32
2013-06-25,20.23
2013-06-24,19.95
2013-06-21,18.57
2013-06-20,17.37
2013-06-19,16.59
2013-06-18,15.89
2013-06-17,16.03
2013-06-14,15.78
2013-06-13,16.82
2013-06-12,15.64
2013-06-11,15.37
2013-06-10,15.82
2013-06-07,16.76
2013-06-05,15.05
2013-06-04,14.36
2013-06-03,14.45
2013-05-31,14.16
2013-05-30,14.36
2013-05-29,14.28
2013-05-28,14.33
2013-05-27,14.67
2013-05-24,14.45
2013-05-23,14.71
2013-05-22,14.08
2013-05-21,14.31
2013-05-20,14.27
2013-05-16,13.43
2013-05-15,13.8
2013-05-14,13.48
2013-05-13,14.61
2013-05-10,14.74
2013-05-09,14.23
2013-05-08,14.18
2013-05-07,14.37
2013-05-06,14.73
2013-05-03,14.65
2013-05-02,15
2013-04-30,14.74
2013-04-29,15.27
2013-04-26,14.83
2013-04-25,14.91
2013-04-24,14.63
2013-04-23,15.49
2013-04-22,15.68
2013-04-19,16.16
2013-04-18,17.03
2013-04-17,16.77
2013-04-16,17.63
2013-04-15,18.78
2013-04-12,20.1
2013-04-11,18.52
2013-04-10,19.38
2013-04-09,18.72
2013-04-08,18.29
2013-04-05,18.51
2013-04-04,16.61
2013-04-03,15.33
2013-04-02,15.45
2013-04-01,15.07
2013-03-29,14.34
2013-03-28,14.9
2013-03-27,14.56
2013-03-26,14.6
2013-03-25,14.85
2013-03-22,16.12
2013-03-21,16.67
2013-03-20,16.57
2013-03-19,16.41
2013-03-18,16.49
2013-03-15,15.98
2013-03-14,15.66
2013-03-13,15.41
2013-03-12,15.95
2013-03-11,15.89
2013-03-08,14.7
2013-03-07,15.14
2013-03-06,15.26
2013-03-05,15.31
2013-03-04,15.68
2013-02-28,15.19
2013-02-27,15.4
2013-02-26,15.51
2013-02-25,14.94
2013-02-22,14.12
2013-02-21,13.87
2013-02-20,13.44
2013-02-19,13.31
2013-02-18,13.56
2013-02-15,13.63
2013-02-14,13.86
2013-02-13,14.33
2013-02-12,14.9
2013-02-08,14.25
2013-02-07,14.59
2013-02-06,15.11
2013-02-05,15.79
2013-02-04,15.76
2013-02-01,15.12
2013-01-31,15.18
2013-01-30,14.72
2013-01-29,14.77
2013-01-28,15.22
2013-01-25,14.9
2013-01-24,14.62
2013-01-23,14.7
2013-01-22,14.28
2013-01-21,14.58
2013-01-18,14.65
2013-01-17,15.1
2013-01-16,15.53
2013-01-15,15.14
2013-01-14,14.11
2013-01-11,13.74
2013-01-10,13.53
2013-01-09,13.75
2013-01-08,13.98
2013-01-07,14.32
2013-01-04,14.4
2013-01-03,14.78
2013-01-02,15.5
2012-12-28,15.89
2012-12-27,15.77
2012-12-26,16.03
2012-12-24,15.8
2012-12-21,16.03
2012-12-20,14.66
2012-12-18,14.59
2012-12-17,14.86
2012-12-14,14.08
2012-12-13,14.61
2012-12-12,15.2
2012-12-11,15.29
2012-12-10,15.45
2012-12-07,15.11
2012-12-06,15.3
2012-12-05,15.24
2012-12-04,15.25
2012-12-03,15.36
2012-11-30,14.87
2012-11-29,15.07
2012-11-28,15.43
2012-11-27,15.51
2012-11-26,15.78
2012-11-23,15.37
2012-11-22,15.37
2012-11-21,15.83
2012-11-20,15.83
2012-11-19,16.44
2012-11-16,17.07
2012-11-15,17.24
2012-11-14,16.78
2012-11-13,17.22
2012-11-12,17.3
2012-11-09,17.19
2012-11-08,17.64
2012-11-07,17.36
2012-11-06,17.51
2012-11-05,17.82
2012-11-02,17.46
2012-11-01,18.39
2012-10-31,18.37
2012-10-30,18.26
2012-10-29,18.55
2012-10-26,19
2012-10-25,17.82
2012-10-24,18.64
2012-10-23,17.91
2012-10-22,17.79
2012-10-19,16.82
2012-10-18,16.47
2012-10-17,16.28
2012-10-16,16.4
2012-10-15,17.08
2012-10-12,17.19
2012-10-11,17.51
2012-10-10,17.81
2012-10-09,16.87
2012-10-08,17.33
2012-10-05,17.06
2012-10-04,17.13
2012-10-02,17.65
2012-09-28,17.23
2012-09-27,17.53
2012-09-26,17.92
2012-09-25,18.1
2012-09-24,18.28
2012-09-21,18.15
2012-09-20,18.64
2012-09-19,18.23
2012-09-18,18.04
2012-09-17,18.03
2012-09-14,17.98
2012-09-13,19.09
2012-09-12,20.02
2012-09-11,19.78
2012-09-10,19.35
2012-09-07,18.97
2012-09-06,20.86
2012-09-05,21
2012-09-04,20.01
2012-09-03,20.02
2012-08-31,20.35
2012-08-30,20
2012-08-29,19.3
2012-08-28,19.68
2012-08-27,19.97
2012-08-24,19.67
2012-08-23,19.26
2012-08-22,19.69
2012-08-21,19.58
2012-08-20,19.44
2012-08-17,18.72
2012-08-16,18.73
2012-08-14,18.34
2012-08-13,19.3
2012-08-10,18.97
2012-08-09,19.41
2012-08-08,19.13
2012-08-07,18.96
2012-08-06,19.38
2012-08-03,19.44
2012-08-02,21.57
2012-08-01,20.92
2012-07-31,20.32
2012-07-30,19.25
2012-07-27,18.5
2012-07-26,20.54
2012-07-25,21.26
2012-07-24,20.26
2012-07-23,20.19
2012-07-20,17.59
2012-07-19,17.42
2012-07-18,18.49
2012-07-17,17.7
2012-07-16,17.85
2012-07-13,18.42
2012-07-12,18.83
2012-07-11,18.39
2012-07-10,18.26
2012-07-09,18.69
2012-07-06,18.67
2012-07-05,18.21
2012-07-04,18.01
2012-07-03,18.53
2012-07-02,19.61
2012-06-29,20.03
2012-06-28,20.89
2012-06-27,20.93
2012-06-26,21.5
2012-06-25,21.55
2012-06-22,21.06
2012-06-21,19.79
2012-06-20,20.58
2012-06-19,21.33
2012-06-18,21.97
2012-06-15,25.61
2012-06-14,24.69
2012-06-13,24.23
2012-06-12,23.79
2012-06-11,22.76
2012-06-08,23.86
2012-06-07,23.55
2012-06-05,24.95
2012-06-04,26.6
2012-06-01,23.49
2012-05-31,22.69
2012-05-30,21.82
2012-05-29,21.61
2012-05-25,21.91
2012-05-24,23.21
2012-05-23,23.24
2012-05-22,21.66
2012-05-21,24.77
2012-05-18,25.43
2012-05-17,21.63
2012-05-16,23.23
2012-05-15,19
2012-05-14,18.7
2012-05-11,18.99
2012-05-10,17.83
2012-05-09,18.28
2012-05-08,17.28
2012-05-07,18.57
2012-05-04,16.34
2012-05-03,16.02
2012-05-02,16.47
2012-04-30,17.31
2012-04-27,17.55
2012-04-26,18.5
2012-04-25,19.01
2012-04-24,18.47
2012-04-23,18.13
2012-04-20,17.81
2012-04-19,17.29
2012-04-18,17.28
2012-04-17,18.55
2012-04-16,18.54
2012-04-13,17.47
2012-04-12,19.04
2012-04-10,18.19
2012-04-09,17.9
2012-04-06,16.75
2012-04-05,17.19
2012-04-04,17.32
2012-04-03,16.88
2012-04-02,17.4
2012-03-30,17.56
2012-03-29,17.78
2012-03-28,17.44
2012-03-27,17.1
2012-03-26,17.87
2012-03-23,17.35
2012-03-22,17.37
2012-03-21,17.73
2012-03-20,17.87
2012-03-19,18.07
2012-03-16,17.65
2012-03-15,18.43
2012-03-14,18.28
2012-03-13,18.12
2012-03-12,18.87
2012-03-09,18.07
2012-03-08,19.91
2012-03-07,20.85
2012-03-06,19.35
2012-03-05,19.25
2012-03-02,18.64
2012-02-29,19.4
2012-02-28,20.34
2012-02-27,21.54
2012-02-24,20.29
2012-02-23,21.08
2012-02-22,21
2012-02-21,21.17
2012-02-20,21
2012-02-17,20.14
2012-02-16,21.3
2012-02-15,19.82
2012-02-14,20.23
2012-02-13,21.32
2012-02-10,21.56
2012-02-09,21.76
2012-02-08,21.36
2012-02-07,22.17
2012-02-06,23.45
2012-02-03,22.85
2012-02-02,22.89
2012-02-01,23.44
2012-01-31,23.36
2012-01-30,24.41
2012-01-27,23.83
2012-01-26,23.76
2012-01-25,23.89
2012-01-20,23.12
2012-01-19,22.94
2012-01-18,23.79
2012-01-17,23.42
2012-01-16,24.22
2012-01-13,22.28
2012-01-12,22.76
2012-01-11,24.35
2012-01-10,24.84
2012-01-09,27.01
2012-01-06,27.17
2012-01-05,27.23
2012-01-04,27.08
2012-01-03,26.72
2012-01-02,27.13
2011-12-29,26.4
2011-12-28,26.35
2011-12-27,26.26
2011-12-26,25.18
2011-12-23,24.54
2011-12-22,25.12
2011-12-21,24.87
2011-12-20,26.65
2011-12-19,27.98
2011-12-16,25.42
2011-12-15,27.26
2011-12-14,27.4
2011-12-13,28.03
2011-12-12,28.43
2011-12-09,31.07
2011-12-08,29.49
2011-12-07,29.27
2011-12-06,28.64
2011-12-05,27.64
2011-12-02,26.67
2011-12-01,27.13
2011-11-30,29.04
2011-11-29,28.43
2011-11-28,30.25
2011-11-25,32.63
2011-11-24,33.66
2011-11-23,34.87
2011-11-22,35.36
2011-11-21,36.17
2011-11-18,36.16
2011-11-17,34.86
2011-11-16,35.43
2011-11-15,32.34
2011-11-14,31.47
2011-11-11,34.18
2011-11-10,35.72
2011-11-09,30.46
2011-11-08,32.86
2011-11-07,32.67
2011-11-04,31.12
2011-11-03,36.21
2011-11-02,33.94
2011-11-01,31.99
2011-10-31,31.02
2011-10-28,29.23
2011-10-27,30.07
2011-10-26,33.92
2011-10-25,33.72
2011-10-24,32.85
2011-10-21,34.42
2011-10-20,36.22
2011-10-19,31.73
2011-10-18,33.07
2011-10-17,30.61
2011-10-14,31.49
2011-10-13,31.82
2011-10-12,34.06
2011-10-11,36.35
2011-10-10,39.41
2011-10-07,39.84
2011-10-06,41.41
2011-10-05,45.64
2011-10-04,45.32
2011-09-30,40.56
2011-09-29,42.43
2011-09-28,43.29
2011-09-27,41.8
2011-09-26,46.16
2011-09-23,45.95
2011-09-22,40.58
2011-09-21,37.51
2011-09-20,38.59
2011-09-19,39.04
2011-09-16,35.42
2011-09-15,39.14
2011-09-14,43.38
2011-09-09,36.96
2011-09-08,33.93
2011-09-07,35.9
2011-09-06,40.46
2011-09-05,35.55
2011-09-02,30.63
2011-09-01,29.79
2011-08-31,28.05
2011-08-30,30.39
2011-08-29,33.41
2011-08-26,38.37
2011-08-25,37.4
2011-08-24,36.68
2011-08-23,34.78
2011-08-22,37.99
2011-08-19,41.91
2011-08-18,31.12
2011-08-17,28.86
2011-08-16,28.53
2011-08-12,37.15
2011-08-11,43.89
2011-08-10,46.89
2011-08-09,50.11
2011-08-08,35.26
2011-08-05,28.31
2011-08-04,22.58
2011-08-03,21.72
2011-08-02,21.44
2011-08-01,19.31
2011-07-29,21
2011-07-28,19.9
2011-07-27,19.19
2011-07-26,19.4
2011-07-25,19.78
2011-07-22,17.9
2011-07-21,19.47
2011-07-20,19.6
2011-07-19,21
2011-07-18,21.16
2011-07-15,20.53
2011-07-14,20.12
2011-07-13,19.97
2011-07-12,20.31
2011-07-11,18.38
2011-07-08,17.41
2011-07-07,17.25
2011-07-06,17.14
2011-07-05,17.12
2011-07-04,17.66
2011-07-01,17.65
2011-06-30,19.24
2011-06-29,20.65
2011-06-28,21.11
2011-06-27,20.65
2011-06-24,18.92
2011-06-23,19.95
2011-06-22,19.7
2011-06-21,20.36
2011-06-20,21.67
2011-06-17,21.32
2011-06-16,19.91
2011-06-15,18.82
2011-06-14,18.81
2011-06-13,19.59
2011-06-10,19.36
2011-06-09,19.85
2011-06-08,20.66
2011-06-07,19.72
2011-06-03,18.75
2011-06-02,18.93
2011-06-01,17.97
2011-05-31,18.56
2011-05-30,19.42
2011-05-27,18.13
2011-05-26,19.08
2011-05-25,19.87
2011-05-24,19.25
2011-05-23,19.3
2011-05-20,17.29
2011-05-19,18.22
2011-05-18,18.24
2011-05-17,19.84
2011-05-16,20.37
2011-05-13,20.24
2011-05-12,20.84
2011-05-11,20.08
2011-05-09,20.32
2011-05-06,19.62
2011-05-04,18.73
2011-05-03,18.71
2011-05-02,18.43
2011-04-29,18.36
2011-04-28,18.09
2011-04-27,18.44
2011-04-26,18.13
2011-04-25,17.56
2011-04-22,16.85
2011-04-21,17.38
2011-04-20,17.21
2011-04-19,18.35
2011-04-18,18.53
2011-04-15,18.04
2011-04-14,18.35
2011-04-13,18.64
2011-04-12,19.12
2011-04-11,18.26
2011-04-08,18.13
2011-04-07,18.31
2011-04-06,18.07
2011-04-05,17.54
2011-04-04,17.54
2011-04-01,16.39
2011-03-31,16.57
2011-03-30,16.55
2011-03-29,16.11
2011-03-28,16
2011-03-25,15.56
2011-03-24,16.69
2011-03-23,17.46
2011-03-22,17.26
2011-03-21,18.4
2011-03-18,20.42
2011-03-17,22.05
2011-03-16,21.49
2011-03-15,25.92
2011-03-14,18.91
2011-03-11,19.23
2011-03-10,18.59
2011-03-09,17.8
2011-03-08,17.78
2011-03-07,17.91
2011-03-04,16.25
2011-03-03,17.9
2011-03-02,19.45
2011-02-28,20.06
2011-02-25,19.83
2011-02-24,20.63
2011-02-23,20.2
2011-02-22,20.33
2011-02-21,18.78
2011-02-18,17.76
2011-02-17,19.12
2011-02-16,18.81
2011-02-15,17.79
2011-02-14,17.59
2011-02-11,19.46
2011-02-10,18.77
2011-02-09,17.84
2011-02-08,16.95
2011-02-07,16.32
2011-02-01,16.28
2011-01-31,16.3
2011-01-28,14.5
2011-01-27,14.57
2011-01-26,14.62
2011-01-25,15.42
2011-01-24,16.18
2011-01-21,16.87
2011-01-20,15.81
2011-01-19,15.57
2011-01-18,16.79
2011-01-17,16.55
2011-01-14,15.64
2011-01-13,16.87
2011-01-12,15.58
2011-01-11,15.78
2011-01-10,16.24
2011-01-07,15.41
2011-01-06,15.67
2011-01-05,15.86
2011-01-04,15.7
2011-01-03,16.37
2010-12-30,15.83
2010-12-29,16.19
2010-12-28,17.05
2010-12-27,18.1
2010-12-24,18.1
2010-12-23,17.69
2010-12-22,17.67
2010-12-21,17.51
2010-12-20,17.98
2010-12-17,15.99
2010-12-16,16.12
2010-12-15,15.85
2010-12-14,15.99
2010-12-13,16.95
2010-12-10,17.5
2010-12-09,18.2
2010-12-08,18.87
2010-12-07,18.72
2010-12-06,19.2
2010-12-03,18.84
2010-12-02,19.8
2010-12-01,21.73
2010-11-30,22.76
2010-11-29,23.36
2010-11-26,22.49
2010-11-25,19.88
2010-11-24,19.93
2010-11-23,19.29
2010-11-22,18.35
2010-11-19,18.43
2010-11-18,19.21
2010-11-17,20.37
2010-11-16,20.58
2010-11-15,20.32
2010-11-12,20.68
2010-11-11,20.54
2010-11-10,18.39
2010-11-09,18.71
2010-11-08,19.3
2010-11-05,19.61
2010-11-04,18.67
2010-11-03,18.8
2010-11-02,18.38
2010-11-01,18.34
2010-10-29,18.6
2010-10-28,16.59
2010-10-27,16.51
2010-10-26,16.34
2010-10-25,16.57
2010-10-22,17
2010-10-21,18.36
2010-10-20,19.02
2010-10-19,19.62
2010-10-18,18.71
2010-10-15,16.43
2010-10-14,16.28
2010-10-13,16.5
2010-10-12,16.82
2010-10-11,16.7
2010-10-08,16.21
2010-10-07,16.27
2010-10-06,16.2
2010-10-05,16.45
2010-10-04,16.53
2010-10-01,16.35
2010-09-30,16.77
2010-09-29,16.67
2010-09-28,16.55
2010-09-27,16.56
2010-09-24,16.47
2010-09-20,16.27
2010-09-17,15.32
2010-09-16,15.9
2010-09-15,15.49
2010-09-14,15.65
2010-09-13,15.22
2010-09-10,15.87
2010-09-09,16.66
2010-09-08,16.64
2010-09-07,16.72
2010-09-06,16.55
2010-09-03,16.8
2010-09-02,17.11
2010-09-01,18.01
2010-08-31,18.79
2010-08-30,17.9
2010-08-27,18.65
2010-08-26,19.11
2010-08-25,19.62
2010-08-24,18.9
2010-08-23,18.59
2010-08-20,18.25
2010-08-19,17.77
2010-08-18,18.16
2010-08-17,18.39
2010-08-16,18.71
2010-08-13,18.59
2010-08-12,20.35
2010-08-11,19.38
2010-08-10,18.34
2010-08-09,17.81
2010-08-06,17.55
2010-08-05,17.65
2010-08-04,17.64
2010-08-03,17.67
2010-08-02,18.55
2010-07-30,19.26
2010-07-29,19.07
2010-07-28,19.27
2010-07-27,19.64
2010-07-26,19.79
2010-07-23,19.62
2010-07-22,20.87
2010-07-21,20.01
2010-07-20,20.62
2010-07-19,21.15
2010-07-16,19.73
2010-07-15,18.69
2010-07-14,18.16
2010-07-13,18.09
2010-07-12,18.4
2010-07-09,18.13
2010-07-08,19.63
2010-07-07,20.75
2010-07-06,20.28
2010-07-05,21.56
2010-07-02,22.47
2010-07-01,22.03
2010-06-30,21.9
2010-06-29,22.15
2010-06-28,20.43
2010-06-25,19.7
2010-06-24,18.75
2010-06-23,19.33
2010-06-22,19.22
2010-06-21,19.13
2010-06-18,19.45
2010-06-17,19.47
2010-06-16,19.11
2010-06-15,19.84
2010-06-14,20.13
2010-06-11,20.52
2010-06-10,22.38
2010-06-09,23.57
2010-06-08,23.93
2010-06-07,24.72
2010-06-04,21.8
2010-06-03,21.85
2010-06-01,24.1
2010-05-31,24.01
2010-05-28,23.89
2010-05-27,26.09
2010-05-26,29.5
2010-05-25,30.95
2010-05-24,27.21
2010-05-20,25.88
2010-05-19,25.06
2010-05-18,23.9
2010-05-17,23.85
2010-05-14,20.47
2010-05-13,21.7
2010-05-12,24.9
2010-05-11,25.03
2010-05-10,25.94
2010-05-07,26.45
2010-05-06,21.72
2010-05-04,19.22
2010-05-03,20.45
2010-04-30,18.27
2010-04-29,19.71
2010-04-28,19.55
2010-04-27,17.53
2010-04-26,17.64
2010-04-23,17.54
2010-04-22,17.28
2010-04-21,17.01
2010-04-20,17.66
2010-04-19,18.63
2010-04-16,16.24
2010-04-15,15.22
2010-04-14,15.51
2010-04-13,17.2
2010-04-12,17.64
2010-04-09,16.91
2010-04-08,16.93
2010-04-07,16.98
2010-04-06,16.97
2010-04-05,16.99
2010-04-02,16.47
2010-04-01,17.34
2010-03-31,17.68
2010-03-30,17.75
2010-03-29,18.34
2010-03-26,17.2
2010-03-25,17.39
2010-03-24,17.2
2010-03-23,17.1
2010-03-22,17.4
2010-03-19,16.93
2010-03-18,17.35
2010-03-17,17.44
2010-03-16,18.19
2010-03-15,18.41
2010-03-12,17.78
2010-03-11,19
2010-03-10,19.21
2010-03-09,19.04
2010-03-08,18.75
2010-03-05,18.76
2010-03-04,19.64
2010-03-03,19.24
2010-03-02,19.54
2010-02-26,20.59
2010-02-25,21.06
2010-02-24,20.01
2010-02-23,19.69
2010-02-22,20.15
2010-02-19,20.8
2010-02-18,19.63
2010-02-17,19.58
2010-02-16,21.11
2010-02-12,21.74
2010-02-11,22.68
2010-02-10,22.97
2010-02-09,23.71
2010-02-08,22.92
2010-02-05,22.71
2010-02-04,20.82
2010-02-03,20.51
2010-02-02,22.15
2010-02-01,23.13
2010-01-29,23.29
2010-01-28,22.35
2010-01-27,24.11
2010-01-26,23.3
2010-01-25,21.98
2010-01-22,20.92
2010-01-21,18.13
2010-01-20,18.06
2010-01-19,18.27
2010-01-18,18.53
2010-01-15,18.19
2010-01-14,19.57
2010-01-13,19.77
2010-01-12,18.83
2010-01-11,19.22
2010-01-08,19.45
2010-01-07,19.81
2010-01-06,19.89
2010-01-05,20.6
2010-01-04,20.94
2009-12-30,20.35
2009-12-29,20.26
2009-12-28,20.37
2009-12-24,19.09
2009-12-23,19.31
2009-12-22,19.66
2009-12-21,20.6
2009-12-18,20.33
2009-12-17,21
2009-12-16,20.82
2009-12-15,21.1
2009-12-14,21.39
2009-12-11,20.9
2009-12-10,20.71
2009-12-09,20.95
2009-12-08,20.28
2009-12-07,20.33
2009-12-04,20.28
2009-12-03,19.78
2009-12-02,20.38
2009-12-01,20.89
2009-11-30,21.94
2009-11-27,22.87
2009-11-26,19.91
2009-11-25,20.48
2009-11-24,20.88
2009-11-23,20.61
2009-11-20,20.68
2009-11-19,20.57
2009-11-18,21.04
2009-11-17,21.89
2009-11-16,21.64
2009-11-13,22.44
2009-11-12,22.52
2009-11-11,22.02
2009-11-10,22.88
2009-11-09,22.97
2009-11-06,23.67
2009-11-05,25.34
2009-11-04,24.48
2009-11-03,25.08
2009-11-02,25.75
2009-10-30,25.41
2009-10-29,25.59
2009-10-28,24.16
2009-10-27,22.26
2009-10-26,22.18
2009-10-23,22.03
2009-10-22,23.5
2009-10-21,22.5
2009-10-20,22.43
2009-10-19,23.28
2009-10-16,23.06
2009-10-15,22.32
2009-10-14,22.59
2009-10-13,22.45
2009-10-12,22.56
2009-10-09,21.95
2009-10-08,24.18
2009-10-07,24.01
2009-10-06,24.28
2009-10-05,25.1
2009-10-01,23.82
2009-09-30,22.85
2009-09-29,23.03
2009-09-28,23.53
2009-09-25,22.54
2009-09-24,23.06
2009-09-23,22
2009-09-22,22.03
2009-09-21,22.32
2009-09-18,22.04
2009-09-17,22.03
2009-09-16,22.22
2009-09-15,22.21
2009-09-14,22.71
2009-09-11,22.09
2009-09-10,22.47
2009-09-09,23
2009-09-08,22.18
2009-09-07,23.24
2009-09-04,23.32
2009-09-03,23.71
2009-09-02,23.56
2009-09-01,22.93
2009-08-31,23.97
2009-08-28,23.09
2009-08-27,24.1
2009-08-26,23.8
2009-08-25,24.74
2009-08-24,24.34
2009-08-21,25.2
2009-08-20,26.11
2009-08-19,27.15
2009-08-18,27.01
2009-08-17,28
2009-08-14,24.53
2009-08-13,24.75
2009-08-12,26.38
2009-08-11,25.06
2009-08-10,25.72
2009-08-07,24.76
2009-08-06,25.7
2009-08-05,26.83
2009-08-04,27.43
2009-08-03,26.89
2009-07-31,25.62
2009-07-30,26.69
2009-07-29,26.76
2009-07-28,26.11
2009-07-27,25.88
2009-07-24,24.66
2009-07-23,24.53
2009-07-22,24.63
2009-07-21,24.12
2009-07-20,24.39
2009-07-17,24.95
2009-07-16,25.37
2009-07-15,25.63
2009-07-14,26.23
2009-07-13,27.49
2009-07-10,24.39
2009-07-09,25.56
2009-07-08,25.43
2009-07-07,25.51
2009-07-06,26.24
2009-07-03,25.26
2009-07-02,26.09
2009-07-01,25.98
2009-06-30,27.26
2009-06-29,28.27
2009-06-26,28.26
2009-06-25,29.54
2009-06-24,31.16
2009-06-23,31.74
2009-06-22,30.24
2009-06-19,30.82
2009-06-18,32.08
2009-06-17,31.69
2009-06-16,31.62
2009-06-15,31.29
2009-06-12,29.78
2009-06-11,30.01
2009-06-10,29.31
2009-06-09,30.46
2009-06-08,30.41
2009-06-05,32.95
2009-06-04,32.56
2009-06-03,32.66
2009-06-02,33.45
2009-06-01,33.33
2009-05-29,33.42
2009-05-28,33.99
2009-05-27,37.17
2009-05-26,34.41
2009-05-25,33.56
2009-05-22,31.63
2009-05-21,29.94
2009-05-20,28.67
2009-05-19,30.7
2009-05-18,31.48
2009-05-15,29.48
2009-05-14,32.24
2009-05-13,31.21
2009-05-12,33.68
2009-05-11,34.24
2009-05-08,33.59
2009-05-07,34.55
2009-05-06,35.3
2009-05-04,35.62
2009-04-30,34.57
2009-04-29,36.33
2009-04-28,38.2
2009-04-27,35.48
2009-04-24,33.19
2009-04-23,33.39
2009-04-22,35.01
2009-04-21,36.4
2009-04-20,36.15
2009-04-17,35.49
2009-04-16,36.25
2009-04-15,36.16
2009-04-14,36.51
2009-04-13,36.94
2009-04-10,35.39
2009-04-09,35.59
2009-04-08,39.48
2009-04-07,37.28
2009-04-06,38.8
2009-04-03,38.76
2009-04-02,37.86
2009-04-01,38.84
2009-03-31,39.56
2009-03-30,40.13
2009-03-27,35.9
2009-03-26,36.66
2009-03-25,38.2
2009-03-24,39.18
2009-03-23,41.06
2009-03-20,41.11
2009-03-19,41.26
2009-03-18,40.38
2009-03-17,40.34
2009-03-16,41.28
2009-03-13,39.83
2009-03-12,41
2009-03-11,41.08
2009-03-10,42.24
2009-03-09,43.85
2009-03-06,45.73
2009-03-05,43.81
2009-03-04,44.64
2009-03-03,46.16
2009-03-02,45.06
2009-02-27,47.36
2009-02-26,47.43
2009-02-25,47.31
2009-02-24,49.1
2009-02-23,47.75
2009-02-20,49.94
2009-02-19,46.81
2009-02-18,49.26
2009-02-17,48.82
2009-02-16,44.73
2009-02-13,43.74
2009-02-12,47.33
2009-02-11,48.07
2009-02-10,47.33
2009-02-09,47.1
2009-02-06,45.07
2009-02-05,47.26
2009-02-04,46.61
2009-02-03,49.76
2009-02-02,51.73
2009-01-30,48.21
2009-01-29,46.81
2009-01-28,48.93
2009-01-23,53.05
2009-01-22,50.75
2009-01-21,53.17
2009-01-20,50.81
2009-01-19,46.63
2009-01-16,48.71
2009-01-15,51.92
2009-01-14,43.43
2009-01-13,45.26
2009-01-12,45.95
2009-01-09,44.5
2009-01-08,46.65
2009-01-07,42.53
2009-01-06,44.62
2009-01-05,47.7
2009-01-02,47.88
2008-12-30,48.61
2008-12-29,47.96
2008-12-26,48.85
2008-12-24,50.07
2008-12-23,51.56
2008-12-22,52.92
2008-12-19,54.81
2008-12-18,58.18
2008-12-17,61.87
2008-12-16,64.58
2008-12-15,64.44
2008-12-12,64.79
2008-12-11,57.37
2008-12-10,54.4
2008-12-09,56.65
2008-12-08,57.35
2008-12-05,56.7
2008-12-04,58
2008-12-03,56.48
2008-12-02,59.36
2008-12-01,57.58
2008-11-28,57.79
2008-11-27,58.74
2008-11-26,64.74
2008-11-25,68.34
2008-11-24,74.08
2008-11-21,74.03
2008-11-20,84.39
2008-11-19,75.75
2008-11-18,73
2008-11-17,73.75
2008-11-14,73.12
2008-11-13,81.04
2008-11-12,68.8
2008-11-11,70.45
2008-11-10,66.96
2008-11-07,69.5
2008-11-06,70.15
2008-11-05,59.72
2008-11-04,65.08
2008-11-03,76.46
2008-10-31,81.27
2008-10-30,83.57
2008-10-29,89.3
2008-10-28,70.51
2008-10-27,84.43
2008-10-24,77.12
2008-10-23,68.63
2008-10-22,61.17
2008-10-21,55.73
2008-10-20,64.29
2008-10-17,72.33
2008-10-16,72.62
2008-10-15,49.62
2008-10-14,48.87
2008-10-13,54.81
2008-10-10,62.73
2008-10-09,47.52
2008-10-08,50.64
2008-10-07,40.56
2008-10-06,39.34
2008-10-02,36.08
2008-10-01,34.01
2008-09-30,36.78
2008-09-29,35.14
2008-09-26,34.11
2008-09-25,33.69
2008-09-24,34.28
2008-09-23,34.92
2008-09-22,35.23
2008-09-19,35.58
2008-09-18,37.6
2008-09-17,33.82
2008-09-16,37.42
2008-09-12,28.36
2008-09-11,28.33
2008-09-10,27.69
2008-09-09,26.85
2008-09-08,25.99
2008-09-05,26.25
2008-09-04,25.83
2008-09-03,26.39
2008-09-02,26.65
2008-09-01,26.79
2008-08-29,25.66
2008-08-28,25.33
2008-08-27,25.37
2008-08-26,25.4
2008-08-25,25.56
2008-08-22,24.39
2008-08-21,24.45
2008-08-20,23.92
2008-08-19,23.94
2008-08-18,22.41
2008-08-14,23.21
2008-08-13,24.81
2008-08-12,25
2008-08-11,25.56
2008-08-08,24.73
2008-08-07,25
2008-08-06,24.59
2008-08-05,25.61
2008-08-04,25.87
2008-08-01,24.62
2008-07-31,23.82
2008-07-30,24.53
2008-07-29,25.64
2008-07-28,25.49
2008-07-25,25.29
2008-07-24,24.11
2008-07-23,24.6
2008-07-22,26.75
2008-07-21,26.58
2008-07-18,27.09
2008-07-17,26.41
2008-07-16,28.71
2008-07-15,28.1
2008-07-14,26.3
2008-07-11,24.67
2008-07-10,25.79
2008-07-09,25.93
2008-07-08,26.55
2008-07-07,25.1
2008-07-04,25.09
2008-07-03,25.35
2008-07-02,24.94
2008-07-01,24.87
2008-06-30,25.15
2008-06-27,24.71
2008-06-26,23.5
2008-06-25,23.7
2008-06-24,23.46
2008-06-23,23.35
2008-06-20,22.81
2008-06-19,22.93
2008-06-18,21.63
2008-06-17,21.89
2008-06-16,22.04
2008-06-13,24.11
2008-06-12,25.6
2008-06-11,24.78
2008-06-10,26.03
2008-06-09,25.03
2008-06-05,23.13
2008-06-04,23.88
2008-06-03,24.54
2008-06-02,23.63
2008-05-30,23.06
2008-05-29,23.13
2008-05-28,23.99
2008-05-27,23.6
2008-05-26,24.52
2008-05-23,23.38
2008-05-22,23.6
2008-05-21,23.84
2008-05-20,22.7
2008-05-19,22.31
2008-05-16,20.86
2008-05-15,20.74
2008-05-14,20.88
2008-05-13,20.41
2008-05-09,21.49
2008-05-08,20.59
2008-05-07,21.16
2008-05-06,21.17
2008-05-02,21.79
2008-04-30,22.04
2008-04-29,22.41
2008-04-28,23.17
2008-04-25,22.61
2008-04-24,23.64
2008-04-23,23.4
2008-04-22,23.81
2008-04-21,23.29
2008-04-18,24.06
2008-04-17,24.07
2008-04-16,25.3
2008-04-15,25.86
2008-04-14,26.46
2008-04-11,25.19
2008-04-10,26.54
2008-04-08,28.56
2008-04-07,28.29
2008-04-04,27.51
2008-04-03,26.93
2008-04-02,26.38
2008-04-01,27.47
2008-03-31,27.05
2008-03-28,26.2
2008-03-27,27.68
2008-03-26,27.73
2008-03-25,27.8
2008-03-24,28.84
2008-03-21,27.65
2008-03-20,30.76
2008-03-19,31.86
2008-03-18,37.12
2008-03-17,38.96
2008-03-14,32.6
2008-03-13,33.86
2008-03-12,29.97
2008-03-11,32.48
2008-03-10,32.86
2008-03-07,30.99
2008-03-06,29.1
2008-03-05,30.88
2008-03-04,30.18
2008-03-03,30.99
2008-02-29,29.21
2008-02-28,28.76
2008-02-27,28.89
2008-02-26,30.21
2008-02-25,30.79
2008-02-22,31.26
2008-02-21,30.42
2008-02-20,31.53
2008-02-19,28.76
2008-02-18,29.64
2008-02-15,30.44
2008-02-14,31.68
2008-02-13,33.25
2008-02-12,31.93
2008-02-11,32.99
2008-02-05,28.4
2008-02-04,29.05
2008-02-01,29.71
2008-01-31,31.39
2008-01-30,33.16
2008-01-29,32.08
2008-01-28,33.96
2008-01-25,28.25
2008-01-24,31.48
2008-01-23,35.94
2008-01-22,44.6
2008-01-21,29.43
2008-01-18,27.4
2008-01-17,27.58
2008-01-16,28.34
2008-01-15,26.3
2008-01-14,27.06
2008-01-11,26.5
2008-01-10,26.02
2008-01-09,25.95
2008-01-08,26.65
2008-01-07,27.66
2008-01-04,24.97
2008-01-03,26.11
2008-01-02,27.01
2007-12-28,25.13
2007-12-27,25.13
2007-12-26,25.47
2007-12-24,25.76
2007-12-21,26.84
2007-12-20,28.59
2007-12-18,30.43
2007-12-17,31.59
2007-12-14,30.07
2007-12-13,30.75
2007-12-12,30.08
2007-12-11,31.51
2007-12-10,31.83
2007-12-07,31.32
2007-12-06,30.26
2007-12-05,30.88
2007-12-04,31.51
2007-12-03,32.9
2007-11-30,32.76
2007-11-29,34.73
2007-11-28,36.7
2007-11-27,35.81
2007-11-26,36.02
2007-11-23,37.76
2007-11-22,37.33
2007-11-21,38.85
2007-11-20,35.28
2007-11-19,35.09
2007-11-16,34.78
2007-11-15,34.35
2007-11-14,33.63
2007-11-13,36.02
2007-11-12,38.31
2007-11-09,34.54
2007-11-08,38.97
2007-11-07,36.81
2007-11-06,35.57
2007-11-05,34.46
2007-11-02,34.77
2007-11-01,32.32
2007-10-31,34.05
2007-10-30,33.95
2007-10-29,33.3
2007-10-26,32.65
2007-10-25,32.58
2007-10-24,34.08
2007-10-23,31.04
2007-10-22,33.81
2007-10-19,29.64
2007-10-18,28.69
2007-10-17,29.36
2007-10-16,28.34
2007-10-15,27.26
2007-10-12,27
2007-10-11,26.31
2007-10-10,30.39
2007-10-09,30.67
2007-10-08,30.31
2007-10-05,30.2
2007-10-04,30.26
2007-10-02,28.35
2007-10-01,27.2
2007-09-28,25.78
2007-09-27,26.23
2007-09-21,25.76
2007-09-20,26.32
2007-09-19,28.43
2007-09-18,34.32
2007-09-17,31.91
2007-09-14,32.01
2007-09-13,34.93
2007-09-12,33.65
2007-09-11,33.75
2007-09-10,36.44
2007-09-07,31.84
2007-09-06,32.65
2007-09-05,32.7
2007-09-04,33.01
2007-09-03,32.64
2007-08-31,32.33
2007-08-30,33.08
2007-08-29,35.67
2007-08-28,34.35
2007-08-27,32.53
2007-08-24,33.31
2007-08-23,32.94
2007-08-22,34.42
2007-08-21,38.5
2007-08-20,41.77
2007-08-17,46.69
2007-08-16,41.37
2007-08-14,36.72
2007-08-13,36.2
2007-08-10,37.35
2007-08-09,30.4
2007-08-08,28.75
2007-08-07,29.34
2007-08-06,30.16
2007-08-03,29.53
2007-08-02,32.55
2007-08-01,31.97
2007-07-31,27.71
2007-07-30,28.73
2007-07-27,26.78
2007-07-26,25.1
2007-07-25,24.12
2007-07-24,23.42
2007-07-23,23.34
2007-07-20,22.76
2007-07-19,23.86
2007-07-18,25.09
2007-07-16,25.37
2007-07-13,27.8
2007-07-12,23.37
2007-07-11,23.39
2007-07-10,22.47
2007-07-09,21.42
2007-07-06,20.51
2007-07-05,21.05
2007-07-04,20.04
2007-07-03,19.71
2007-07-02,19.57
2007-06-29,19.95
2007-06-28,20.34
2007-06-27,20.79
2007-06-26,20.72
2007-06-25,21.9
2007-06-22,21.84
2007-06-21,20.81
2007-06-20,21.39
2007-06-19,20.03
2007-06-18,18.96
2007-06-15,19.25
2007-06-14,20.12
2007-06-13,19.7
2007-06-12,19.98
2007-06-11,20.69
2007-06-08,21.16
2007-06-07,21.07
2007-06-05,21.26
2007-06-04,21.63
2007-06-01,20.14
2007-05-31,18.59
2007-05-30,18.62
2007-05-29,18.36
2007-05-28,17.36
2007-05-25,17.96
2007-05-23,17.69
2007-05-22,16.93
2007-05-21,17.11
2007-05-18,17.12
2007-05-17,17.12
2007-05-16,18.26
2007-05-15,19.04
2007-05-14,18.36
2007-05-11,17.43
2007-05-10,17.31
2007-05-09,17.68
2007-05-08,17.62
2007-05-07,16.63
2007-05-04,17.34
2007-05-03,17.9
2007-05-02,18.65
2007-04-30,18.99
2007-04-27,18.78
2007-04-26,18
2007-04-25,18.13
2007-04-24,17.5
2007-04-23,17.87
2007-04-20,17.67
2007-04-19,19.11
2007-04-18,18.31
2007-04-17,18.67
2007-04-16,17.94
2007-04-13,18
2007-04-12,18.54
2007-04-11,18.49
2007-04-10,18.39
2007-04-09,18.61
2007-04-06,18.63
2007-04-05,18.91
2007-04-04,18.97
2007-04-03,19.37
2007-04-02,19.71
2007-03-30,19.64
2007-03-29,19.91
2007-03-28,20.48
2007-03-27,19.85
2007-03-26,19.87
2007-03-23,19.28
2007-03-22,19.67
2007-03-21,20.49
2007-03-20,20.43
2007-03-19,21.04
2007-03-16,20.29
2007-03-15,20.14
2007-03-14,21.07
2007-03-13,19.67
2007-03-12,19.01
2007-03-09,18.7
2007-03-08,17.91
2007-03-07,19.43
2007-03-06,20.33
2007-03-05,21.62
2007-03-02,20.06
2007-02-28,20.38
2007-02-27,17.9
2007-02-26,17.82
2007-02-23,17.12
2007-02-22,17.33
2007-02-21,16.86
2007-02-20,16.68
2007-02-16,16.08
2007-02-15,16.41
2007-02-14,16.57
2007-02-13,16.8
2007-02-12,17.11
2007-02-09,16.05
2007-02-08,17.25
2007-02-07,17.39
2007-02-06,17.29
2007-02-05,17.19
2007-02-02,16.39
2007-02-01,16.92
2007-01-31,17.99
2007-01-30,17.73
2007-01-29,17.9
2007-01-26,17.23
2007-01-25,16.62
2007-01-24,16.73
2007-01-23,17.53
2007-01-22,17.38
2007-01-19,17.48
2007-01-18,16.91
2007-01-17,16.84
2007-01-16,16.66
2007-01-15,16.68
2007-01-12,16.54
2007-01-11,18.69
2007-01-10,18.9
2007-01-09,17.68
2007-01-08,18.3
2007-01-05,17.25
2007-01-04,17.33
2007-01-03,17.25
2007-01-02,15.68
2006-12-28,15.4
2006-12-27,15.5
2006-12-26,15.71
2006-12-22,14.65
2006-12-21,14.71
2006-12-20,14.65
2006-12-19,14.74
2006-12-18,14.23
2006-12-15,15.1
2006-12-14,16.4
2006-12-13,17.33
2006-12-12,18.26
2006-12-11,17.91
2006-12-08,18.23
2006-12-07,16.79
2006-12-06,16.83
2006-12-05,15.71
2006-12-04,15.68
2006-12-01,14.44
2006-11-30,14.68
2006-11-29,15.2
2006-11-28,15.46
2006-11-27,14.98
2006-11-24,14.28
2006-11-23,14.17
2006-11-22,14.23
2006-11-21,14.72
2006-11-20,15.46
2006-11-17,14.29
2006-11-16,14.41
2006-11-15,14.46
2006-11-14,14.15
2006-11-13,14.94
2006-11-10,14.43
2006-11-09,14.7
2006-11-08,16.04
2006-11-07,16.31
2006-11-06,16.51
2006-11-03,15.73
2006-11-02,16.06
2006-11-01,15.96
2006-10-31,16.84
2006-10-30,18.07
2006-10-27,17.25
2006-10-26,17.46
2006-10-25,17.18
2006-10-24,17.75
2006-10-23,18.06
2006-10-20,17.77
2006-10-19,18.85
2006-10-18,18.71
2006-10-17,18.7
2006-10-16,18.5
2006-10-13,18.96
2006-10-12,20.09
2006-10-11,21.6
2006-10-10,22.25
2006-10-09,22.65
2006-10-04,18.24
2006-10-02,17.24
2006-09-29,16.71
2006-09-28,16.85
2006-09-27,17.25
2006-09-26,18.29
2006-09-25,18.03
2006-09-22,18.25
2006-09-21,17.85
2006-09-20,17.8
2006-09-19,17.24
2006-09-18,17.25
2006-09-15,16.62
2006-09-14,18.6
2006-09-13,20.26
2006-09-12,21.27
2006-09-11,20.46
2006-09-08,19.31
2006-09-07,19.48
2006-09-06,19.07
2006-09-05,18.42
2006-09-04,18.07
2006-09-01,17.85
2006-08-31,17.9
2006-08-30,18.84
2006-08-29,18.2
2006-08-28,20.06
2006-08-25,19.22
2006-08-24,19.22
2006-08-23,19.67
2006-08-22,19.42
2006-08-21,20.59
2006-08-18,19.23
2006-08-17,19.9
2006-08-16,20.51
2006-08-14,23.29
2006-08-11,22.98
2006-08-10,23.28
2006-08-09,22.77
2006-08-08,23.43
2006-08-07,23.56
2006-08-04,22.1
2006-08-03,22.6
2006-08-02,23.59
2006-08-01,23.88
2006-07-31,23.75
2006-07-28,22.91
2006-07-27,22.88
2006-07-26,23.9
2006-07-25,23.74
2006-07-24,25.38
2006-07-21,24.29
2006-07-20,23.88
2006-07-19,26.89
2006-07-18,27.12
2006-07-14,26.88
2006-07-13,26.08
2006-07-12,25.13
2006-07-11,24.75
2006-07-10,24.65
2006-07-07,23.94
2006-07-06,24.91
2006-07-05,24.57
2006-07-04,23.84
2006-07-03,23.73
2006-06-30,22.72
2006-06-29,24.9
2006-06-28,26.4
2006-06-27,25.29
2006-06-26,26.07
2006-06-23,26.12
2006-06-22,25.89
2006-06-21,27.06
2006-06-20,27.18
2006-06-19,26.05
2006-06-16,24.32
2006-06-15,26.87
2006-06-14,28.19
2006-06-13,29.4
2006-06-12,27.65
2006-06-09,28.4
2006-06-08,30.91
2006-06-07,24.91
2006-06-05,24.09
2006-06-02,21.74
2006-06-01,22.38
2006-05-30,21.21
2006-05-29,22.56
2006-05-26,23.08
2006-05-25,25.6
2006-05-24,23.37
2006-05-23,24.18
2006-05-22,23.35
2006-05-19,21.91
2006-05-18,22.64
2006-05-17,21.75
2006-05-16,23.54
2006-05-15,21.14
2006-05-12,19.43
2006-05-11,18.04
2006-05-10,19.77
2006-05-09,20.08
2006-05-08,19.52
2006-05-04,19.14
2006-05-03,18.77
2006-05-02,19.32
2006-04-28,17.98
2006-04-27,17.49
2006-04-26,17.65
2006-04-25,18.28
2006-04-24,19.02
2006-04-21,17.91
2006-04-20,19.37
2006-04-19,19.01
2006-04-18,19.48
2006-04-17,19.23
2006-04-14,17.54
2006-04-13,18.43
2006-04-12,19.82
2006-04-11,20.88
2006-04-10,20.47
2006-04-07,18.92
2006-04-06,18.33
2006-04-05,18.69
2006-04-04,17.85
2006-04-03,17.64
2006-03-31,18.19
2006-03-30,19.26
2006-03-29,19.48
2006-03-28,19.56
2006-03-27,19.88
2006-03-24,20.88
2006-03-23,21.39
2006-03-22,21.55
2006-03-21,21.05
2006-03-20,20.5
2006-03-17,19.91
2006-03-16,20.5
2006-03-15,20.71
2006-03-14,21.53
2006-03-13,19.56
2006-03-10,20.19
2006-03-09,23.08
2006-03-08,22.03
2006-03-07,22.3
2006-03-06,20.19
2006-03-03,21.01
2006-03-02,19.82
2006-02-28,19.9
2006-02-27,19.55
2006-02-24,20.64
2006-02-23,21.43
2006-02-22,23.12
2006-02-21,22.9
2006-02-20,23.13
2006-02-17,23.16
2006-02-16,23.45
2006-02-15,24.35
2006-02-14,23.31
2006-02-13,23.85
2006-02-10,21.91
2006-02-09,22.09
2006-02-08,24.9
2006-02-07,24.78
2006-02-06,24.71
2006-02-03,24.67
2006-02-02,22.46
2006-02-01,23.61
2006-01-31,21.57
2006-01-27,20.39
2006-01-26,21.02
2006-01-25,22.39
2006-01-24,23.18
2006-01-23,25.06
2006-01-20,22.89
2006-01-19,21.09
2006-01-18,22.23
2006-01-17,20.52
2006-01-16,18.72
2006-01-13,18.55
2006-01-12,20.97
2006-01-11,21.66
2006-01-10,22
2006-01-09,20.42
2006-01-06,18.96
2006-01-05,20.24
2006-01-04,19.93
2006-01-03,20.24
2006-01-02,20.8
2005-12-29,19.44
2005-12-28,18.62
2005-12-27,18.37
2005-12-26,18.16
2005-12-23,18.4
2005-12-22,19.19
2005-12-21,18.61
2005-12-20,19.5
2005-12-19,19.43
2005-12-16,20.18
2005-12-15,19.81
2005-12-14,20.18
2005-12-13,18.99
2005-12-12,19.03
2005-12-09,20.59
2005-12-08,22.16
2005-12-07,21.13
2005-12-06,21.43
2005-12-05,21.13
2005-12-02,21.04
2005-12-01,21.95
2005-11-30,23.38
2005-11-29,23.79
2005-11-28,22.65
2005-11-25,21.58
2005-11-24,21.44
2005-11-23,22.06
2005-11-22,22.73
2005-11-21,22.36
2005-11-18,21.71
2005-11-17,21.86
2005-11-16,21.96
2005-11-15,22.53
2005-11-14,22.12
2005-11-11,22.17
2005-11-10,22.98
2005-11-09,24.17
2005-11-08,23.74
2005-11-07,25.72
2005-11-04,24.29
2005-11-03,23.28
2005-11-02,23.93
2005-11-01,25.1
2005-10-31,25.85
2005-10-28,26.71
2005-10-27,25.61
2005-10-26,25.7
2005-10-25,25.48
2005-10-24,25.15
2005-10-21,24.23
2005-10-20,25.4
2005-10-19,27.07
2005-10-18,25.81
2005-10-17,27.06
2005-10-14,26.61
2005-10-13,25.81
2005-10-12,25.05
2005-10-11,22.04
2005-10-10,24.04
2005-10-07,24.77
2005-10-06,24.91
2005-10-05,25.04
2005-10-04,22.96
2005-09-30,23.82
2005-09-29,22.88
2005-09-28,22.73
2005-09-27,23.29
2005-09-26,23.35
2005-09-23,23.49
2005-09-22,21.53
2005-09-21,20.99
2005-09-20,20.79
2005-09-16,20.57
2005-09-15,20.84
2005-09-14,20.62
2005-09-13,20.89
2005-09-12,20.46
2005-09-09,20.01
2005-09-08,22.23
2005-09-07,20.47
2005-09-06,20.33
2005-09-05,21.18
2005-09-02,20.67
2005-09-01,21.3
2005-08-31,21.12
2005-08-30,20.92
2005-08-29,22.17
2005-08-26,19.79
2005-08-25,20.12
2005-08-24,19.37
2005-08-23,18.84
2005-08-22,18.41
2005-08-19,18.41
2005-08-18,18.9
2005-08-17,19.05
2005-08-16,19.07
2005-08-12,17.98
2005-08-11,18.53
2005-08-10,18.44
2005-08-09,18.52
2005-08-08,19.04
2005-08-05,18.96
2005-08-04,18.35
2005-08-03,17.5
2005-08-02,17.15
2005-08-01,17.3
2005-07-29,16.88
2005-07-28,16.56
2005-07-27,16.99
2005-07-26,17.37
2005-07-25,17.53
2005-07-22,18.59
2005-07-21,18.48
2005-07-20,18.34
2005-07-19,17.53
2005-07-18,17.92
2005-07-15,17.24
2005-07-14,16.86
2005-07-13,16.49
2005-07-12,16.74
2005-07-11,16.77
2005-07-08,16.72
2005-07-07,16.23
2005-07-06,16.22
2005-07-05,16.58
2005-07-04,16.21
2005-07-01,15.87
2005-06-30,15.76
2005-06-29,16.22
2005-06-28,16.53
2005-06-27,17.32
2005-06-24,16.13
2005-06-23,15.82
2005-06-22,16.45
2005-06-21,16.56
2005-06-20,16.48
2005-06-17,15.83
2005-06-16,15.92
2005-06-15,15.87
2005-06-14,16.45
2005-06-13,16.33
2005-06-10,16.46
2005-06-09,17.03
2005-06-08,17.31
2005-06-07,17.62
2005-06-03,16.39
2005-06-02,16.16
2005-06-01,16.3
2005-05-31,16.35
2005-05-30,16.46
2005-05-27,16.39
2005-05-26,17.16
2005-05-25,18.13
2005-05-24,18.01
2005-05-23,18.18
2005-05-20,18.09
2005-05-19,18.25
2005-05-18,19.64
2005-05-17,19.79
2005-05-16,20.04
2005-05-13,20.44
2005-05-12,22.66
2005-05-11,22.75
2005-05-10,21.76
2005-05-09,22.37
2005-05-06,19.74
2005-05-04,20.17
2005-05-03,21.66
2005-05-02,21.32
2005-04-29,22.48
2005-04-28,22.99
2005-04-27,21.68
2005-04-26,20.46
2005-04-25,20.13
2005-04-22,20.31
2005-04-21,21.94
2005-04-20,22.74
2005-04-19,23.03
2005-04-18,23.68
2005-04-15,21.71
2005-04-14,21.55
2005-04-13,19.01
2005-04-12,18.25
2005-04-11,19.13
2005-04-08,18.79
2005-04-07,18.88
2005-04-06,19.13
2005-04-04,19.3
2005-04-01,18.92
2005-03-31,19.69
2005-03-30,20.11
2005-03-29,20.52
2005-03-28,20.29
2005-03-25,20.1
2005-03-24,21.15
2005-03-23,22.49
2005-03-22,22.64
2005-03-21,22.59
2005-03-18,21.63
2005-03-17,20.84
2005-03-16,19.3
2005-03-15,19.19
2005-03-14,17.95
2005-03-11,17.85
2005-03-10,19.81
2005-03-09,20.14
2005-03-08,20.5
2005-03-07,19.74
2005-03-04,18.89
2005-03-03,18.36
2005-03-02,18.07
2005-02-28,16.67
2005-02-25,16.29
2005-02-24,16.67
2005-02-23,17.91
2005-02-22,17.87
2005-02-21,17.13
2005-02-18,16.59
2005-02-17,16.86
2005-02-16,16.43
2005-02-15,16.84
2005-02-14,17.56
2005-02-11,18.41
2005-02-07,19.16
2005-02-04,17.91
2005-02-03,18.22
2005-02-02,18.13
2005-02-01,18.33
2005-01-31,18.12
2005-01-28,18.42
2005-01-27,18.28
2005-01-26,19.23
2005-01-25,19.86
2005-01-24,19.29
2005-01-21,18.4
2005-01-20,18.6
2005-01-19,18.7
2005-01-18,18.88
2005-01-17,19.7
2005-01-14,20.09
2005-01-13,21.03
2005-01-12,21.15
2005-01-11,21.32
2005-01-10,21.77
2005-01-07,21.94
2005-01-06,22.3
2005-01-05,21.82
2005-01-04,22.67
2005-01-03,22.42
2004-12-30,21.29
2004-12-29,21.47
2004-12-28,22.88
2004-12-27,22.71
2004-12-24,21.72
2004-12-23,22.62
2004-12-22,22.91
2004-12-21,23.21
2004-12-20,22.95
2004-12-17,22.75
2004-12-16,21.99
2004-12-15,22.42
2004-12-14,24.07
2004-12-13,24.36
2004-12-10,23.92
2004-12-09,25.15
2004-12-08,25.44
2004-12-07,25.38
2004-12-06,25.2
2004-12-03,23.79
2004-12-02,23.94
2004-12-01,25.04
2004-11-30,25.05
2004-11-29,25.29
2004-11-26,25.21
2004-11-25,24.41
2004-11-24,24.66
2004-11-23,25.15
2004-11-22,25.36
2004-11-19,24.64
2004-11-18,24.35
2004-11-17,24.01
2004-11-16,24.44
2004-11-15,24.05
2004-11-12,23.59
2004-11-11,24.85
2004-11-10,25.3
2004-11-09,25.54
2004-11-08,26.15
2004-11-05,24.55
2004-11-04,25.57
2004-11-03,26.93
2004-11-02,28.12
2004-11-01,27.87
2004-10-29,27.17
2004-10-28,26.43
2004-10-27,27.17
2004-10-26,26.85
2004-10-25,27.76
2004-10-22,26.17
2004-10-21,27.01
2004-10-20,27.53
2004-10-19,25.42
2004-10-18,26.15
2004-10-15,25.81
2004-10-14,27.49
2004-10-13,26.71
2004-10-12,26.13
2004-10-11,26.03
2004-10-08,24.51
2004-10-07,23.89
2004-10-06,23.29
2004-10-05,23.72
2004-10-04,23.58
2004-10-01,22.07
2004-09-30,23.73
2004-09-24,23.5
2004-09-23,23.76
2004-09-22,24.4
2004-09-21,23.3
2004-09-20,23.25
2004-09-17,22.52
2004-09-16,21.56
2004-09-15,20.68
2004-09-14,20.71
2004-09-13,20.58
2004-09-10,20.23
2004-09-09,23.26
2004-09-08,23.45
2004-09-07,22.1
2004-09-06,22.52
2004-09-03,23.05
2004-09-02,22.25
2004-09-01,21.67
2004-08-31,22.76
2004-08-30,23.39
2004-08-27,22.12
2004-08-26,22.32
2004-08-25,23.23
2004-08-24,23.28
2004-08-23,23.27
2004-08-20,23.05
2004-08-19,23.48
2004-08-18,25.55
2004-08-17,26.73
2004-08-16,27.25
2004-08-13,26.98
2004-08-12,28.36
2004-08-11,29.45
2004-08-10,30.08
2004-08-09,29.94
2004-08-06,28.86
2004-08-05,27.81
2004-08-04,29.25
2004-08-03,28.93
2004-08-02,30.96
2004-07-30,28.62
2004-07-29,30.33
2004-07-28,28.5
2004-07-27,29
2004-07-26,28.68
2004-07-23,28.41
2004-07-22,27.87
2004-07-21,26.77
2004-07-20,28.53
2004-07-19,27.82
2004-07-16,27.81
2004-07-15,28.68
2004-07-14,29.62
2004-07-13,29.97
2004-07-12,30.35
2004-07-09,31.11
2004-07-08,32.97
2004-07-07,31.94
2004-07-06,30.55
2004-07-05,30.39
2004-07-02,31.95
2004-07-01,31.76
2004-06-30,32.36
2004-06-29,32.88
2004-06-28,33.29
2004-06-25,32.45
2004-06-24,33.49
2004-06-23,35.91
2004-06-22,37.31
2004-06-21,35.87
2004-06-18,36.34
2004-06-17,35.01
2004-06-16,35.39
2004-06-15,36.27
2004-06-14,39.96
2004-06-11,39.5
2004-06-10,37.1
2004-06-09,36.94
2004-06-08,35.59
2004-06-07,33.11
2004-06-04,34.29
2004-06-03,35.81
2004-06-02,32.31
2004-06-01,29.78
2004-05-31,30.14
2004-05-28,27
2004-05-27,29.41
2004-05-25,31.91
2004-05-24,32.05
2004-05-21,34.47
2004-05-20,35.7
2004-05-19,35.3
2004-05-18,38.32
2004-05-17,39.64
2004-05-14,36.36
2004-05-13,33.12
2004-05-12,29.48
2004-05-11,30.89
2004-05-10,34.53
2004-05-07,27.05
2004-05-06,25.3
2004-05-04,24.57
2004-05-03,25.77
2004-04-30,24.47
2004-04-29,23.14
2004-04-28,22.96
2004-04-27,22.13
2004-04-26,22.11
2004-04-23,20.88
2004-04-22,21.62
2004-04-21,21.64
2004-04-20,21.91
2004-04-19,23.23
2004-04-16,23.23
2004-04-14,23.22
2004-04-13,22.03
2004-04-12,21.66
2004-04-09,21.09
2004-04-08,21.06
2004-04-07,21
2004-04-06,21.66
2004-04-02,23.45
2004-04-01,24.49
2004-03-31,24.66
2004-03-30,23.62
2004-03-29,23.82
2004-03-26,24.06
2004-03-25,25.06
2004-03-24,24.16
2004-03-23,23.89
2004-03-22,24.05
2004-03-19,21.89
2004-03-18,21.68
2004-03-17,22.09
2004-03-16,22.99
2004-03-15,23.49
2004-03-12,24.58
2004-03-11,22.59
2004-03-10,22.05
2004-03-09,20.35
2004-03-08,20.72
2004-03-05,19.15
2004-03-04,18.93
2004-03-03,19.68
2004-03-02,19.87
2004-02-27,19.95
2004-02-26,20.86
2004-02-25,20.88
2004-02-24,20.51
2004-02-23,19.56
2004-02-20,18.96
2004-02-19,19.13
2004-02-18,19.54
2004-02-17,19.53
2004-02-16,19.8
2004-02-13,19.94
2004-02-12,21.07
2004-02-11,21.28
2004-02-10,20.81
2004-02-09,20.74
2004-02-06,21.81
2004-02-05,22.13
2004-02-04,21.59
2004-02-03,21.94
2004-02-02,21.32
2004-01-30,21.23
2004-01-29,21.5
2004-01-28,21.8
2004-01-27,21.51
2004-01-26,21.11
2004-01-20,20.05
2004-01-19,19.34
2004-01-16,19.53
2004-01-15,20.4
2004-01-14,19.92
2004-01-13,20.46
2004-01-12,20.83
2004-01-09,21.38
2004-01-08,21.29
2004-01-07,21.03
2004-01-06,21.32
2004-01-05,21.46
2004-01-02,20.89
2003-12-30,22.49
2003-12-29,24.35
2003-12-26,25.1
2003-12-24,25.08
2003-12-23,25.21
2003-12-22,25.4
2003-12-19,24.43
2003-12-18,25.13
2003-12-17,25.11
2003-12-16,25.16
2003-12-15,25.91
2003-12-12,26.05
2003-12-11,27.91
2003-12-10,28.07
2003-12-09,28.85
2003-12-08,28.9
2003-12-05,27.85
2003-12-04,26.37
2003-12-03,26.27
2003-12-02,25.79
2003-12-01,25.99
2003-11-28,25.35
2003-11-27,26.65
2003-11-26,27.51
2003-11-25,28.09
2003-11-24,29.07
2003-11-21,28.2
2003-11-20,28.65
2003-11-19,29.08
2003-11-18,27.77
2003-11-17,28.97
2003-11-14,26.62
2003-11-13,27.12
2003-11-12,27.18
2003-11-11,28.68
2003-11-10,27.79
2003-11-07,26.1
2003-11-06,28.5
2003-11-05,25.84
2003-11-04,27.62
2003-11-03,28.31
2003-10-31,28.33
2003-10-30,27.2
2003-10-29,27.22
2003-10-28,27.68
2003-10-27,27.56
2003-10-24,28.01
2003-10-23,27.89
2003-10-22,25.1
2003-10-21,25.54
2003-10-20,26.08
2003-10-17,25.73
2003-10-16,25.03
2003-10-15,24.62
2003-10-14,24.45
2003-10-13,25.77
2003-10-10,24.12
2003-10-09,24.21
2003-10-08,24.42
2003-10-07,23.06
2003-10-06,24.23
2003-10-02,24.76
2003-10-01,26.03
2003-09-30,26.98
2003-09-29,27.87
2003-09-26,25.73
2003-09-25,22.46
2003-09-24,22.44
2003-09-23,23.46
2003-09-22,23.5
2003-09-19,19.8
2003-09-18,19.58
2003-09-17,19.37
2003-09-16,20.27
2003-09-15,22.03
2003-09-09,22.39
2003-09-08,22.38
2003-09-05,22.26
2003-09-04,22.23
2003-09-03,21.63
2003-09-02,21.23
2003-09-01,21.26
2003-08-29,20.83
2003-08-28,21.65
2003-08-27,21.4
2003-08-26,22.33
2003-08-25,22.14
2003-08-22,21.23
2003-08-21,21.79
2003-08-20,22.5
2003-08-19,22.67
2003-08-18,23.43
2003-08-14,22.97
2003-08-13,24.01
2003-08-12,24.79
2003-08-11,25.11
2003-08-08,25.82
2003-08-07,25.98
2003-08-06,26.94
2003-08-05,25.34
2003-08-04,25.36
2003-08-01,24.89
2003-07-31,25.5
2003-07-30,25.28
2003-07-29,24.38
2003-07-28,24.52
2003-07-25,24.8
2003-07-24,24.63
2003-07-23,25.46
2003-07-22,24.92
2003-07-21,25.46
2003-07-18,24.32
2003-07-16,23.45
2003-07-15,23.62
2003-07-14,23.27
2003-07-11,24.34
2003-07-10,26.65
2003-07-09,25.62
2003-07-08,24.63
2003-07-07,24.16
2003-07-04,24.07
2003-07-03,25.59
2003-07-02,25.87
2003-07-01,26.57
2003-06-30,28.29
2003-06-27,27.56
2003-06-26,27.78
2003-06-25,27.63
2003-06-24,27.53
2003-06-23,28.2
2003-06-20,27.65
2003-06-19,27.49
2003-06-18,29.29
2003-06-17,29.72
2003-06-16,31.78
2003-06-13,30.81
2003-06-12,32.83
2003-06-11,32.95
2003-06-10,33.25
2003-06-09,33.25
2003-06-05,32.93
2003-06-04,32.34
2003-06-03,32.92
2003-06-02,31.92
2003-05-30,32.42
2003-05-29,32.6
2003-05-28,32.38
2003-05-27,33.44
2003-05-26,33.18
2003-05-23,33
2003-05-22,34.01
2003-05-21,34.15
2003-05-20,34.16
2003-05-19,35
2003-05-16,34.32
2003-05-15,34.18
2003-05-14,34.58
2003-05-13,34.58
2003-05-12,34.72
2003-05-09,35.82
2003-05-07,34.5
2003-05-06,34.99
2003-05-02,35.03
2003-04-30,34.46
2003-04-29,34.04
2003-04-28,35.48
2003-04-25,34.48
2003-04-24,34.24
2003-04-23,33.66
2003-04-22,33.95
2003-04-21,34.34
2003-04-18,32.86
2003-04-17,34.32
2003-04-16,34.8
2003-04-15,36.67
2003-04-14,37.55
2003-04-11,37.17
2003-04-10,37.58
2003-04-09,37.83
2003-04-08,38
2003-04-07,36.75
2003-04-04,37.34
2003-04-03,38.31
2003-04-02,38.6
2003-04-01,38.67
2003-03-31,40.96
2003-03-28,38.21
2003-03-27,38.67
2003-03-26,40.09
2003-03-25,41.15
2003-03-24,41.23
2003-03-21,39.46
2003-03-20,41.16
2003-03-19,42.84
2003-03-18,41.35
2003-03-17,42.9
2003-03-14,38
2003-03-13,40.87
2003-03-12,39.62
2003-03-11,39.9
2003-03-10,39.53
2003-03-07,38.66
2003-03-06,37.63
2003-03-05,36.06
2003-03-04,35.24
2003-03-03,35.26
2003-02-28,35.45
2003-02-27,35.53
2003-02-26,35.84
2003-02-25,36.08
2003-02-24,34.59
2003-02-21,34.79
2003-02-20,35.14
2003-02-19,35.63
2003-02-18,36.63
2003-02-17,36.03
2003-02-14,37.4
2003-02-13,39.7
2003-02-12,37.59
2003-02-11,37.2
2003-02-10,38.54
2003-02-07,38.8
2003-02-06,37.05
2003-02-05,36.91
2003-02-04,36.38
2003-02-03,35.82
2003-01-30,35.88
2003-01-29,36.36
2003-01-28,36.11
2003-01-27,38.46
2003-01-24,36.6
2003-01-23,36.67
2003-01-22,36.47
2003-01-21,36.06
2003-01-20,35.97
2003-01-17,36
2003-01-16,35.86
2003-01-15,35.59
2003-01-14,36.75
2003-01-13,37.56
2003-01-10,38.05
2003-01-09,34.02
2003-01-08,33.17
2003-01-07,33.98
2003-01-06,33.04
2003-01-03,34.5
2003-01-02,35.57
