"국가별(1)","산업별(1)",2005,2006,2007,2008,2009,2010,2011,2012,2013,2014,2015,2016,2017,2018,2019,2020,2021,2022,2023,2024,2025
"국가별(1)","산업별(1)",수출액 (달러),수출액 (달러),수출액 (달러),수출액 (달러),수출액 (달러),수출액 (달러),수출액 (달러),수출액 (달러),수출액 (달러),수출액 (달러),수출액 (달러),수출액 (달러),수출액 (달러),수출액 (달러),수출액 (달러),수출액 (달러),수출액 (달러),수출액 (달러),수출액 (달러),수출액 (달러),수출액 (달러)
"전세계","전산업",284418742396,325464848567,371489085894,422007327645,363533560807,466383761922,555213655930,547869792038,559632433929,572664606957,526756503179,495425838509,573694420293,604859656379,542232609994,512498037545,644400368680,683584759210,632225824016,683609488847,217925255043
"전세계","농림어업",466285792,396424327,425965246,469451021,537878452,641576674,749139568,769335630,877997315,795691418,667540698,668880270,678978875,718553506,763555143,689893464,721468960,686740349,688669017,655830157,201389509
"전세계","광업",128199179,171736540,223180679,364626973,141221662,273178194,452387501,393452764,312992110,360677088,390954847,277527338,389194369,565849157,546195732,621100415,1682614479,2129321146,1944015549,1147710200,291131651
"전세계","제조업",283130182429,323911284317,369643280555,419928907912,361836351552,464184056279,552775359634,545769229194,557723316035,570706972389,525028764855,493894547775,563938436527,596166231036,540362663937,510741772273,641175408301,679950978392,628771090667,680842629832,217102223201
"전세계","전기가스증기수도",-,-,-,-,648,-,-,-,-,-,500,28430,1542,0,-,-,-,-,1800,-,-
"전세계","폐수처리 및 자원재활용",694074996,985403383,1196659414,1244341739,1018108493,1284950775,1236769227,937774450,718128469,801266062,669242279,584854696,8687808980,7409022680,560195182,445271393,820876940,817719323,822046983,963318658,330510682
"가나","전산업",88810800,94225264,145769778,194935521,154079272,212684239,325944462,283878206,350954084,219953286,252855545,215327552,243875903,220020129,191413047,224745692,297972508,209453079,180895606,189083498,98806549
"가나","농림어업",2110,5745,0,112,7800,800,0,0,2170,454,5721,2405,3039,5582,3104,6112,1208,134,3816,1024,0
"가나","광업",-,0,10602,-,1071,-,0,14499,18703,30044,21847,15476,1042,13299,153,9471,8501,42292,145596,167620,88930
"가나","제조업",88808690,94219519,145753176,194935409,154070401,212680029,325944462,283845187,350933211,219922788,252827977,215309568,243871822,220001248,191312757,224730109,297962799,209410653,180746194,188911921,98717619
"가나","폐수처리 및 자원재활용",0,0,6000,0,0,3410,0,18520,0,0,0,103,0,0,97033,0,0,0,0,2933,0
"그리스","전산업",1792881825,2768233445,1660922565,1413219399,3203481637,1208816894,1349593071,1908659968,884205586,1048667748,1312873969,2717514837,1627644432,978377569,1639553491,863203568,2029901184,1232281261,1030255095,1386366348,173733343
"그리스","농림어업",8944,12517,7843,17724,33222,13558,87383,60312,78717,77714,132695,107850,122355,124675,175694,119552,104509,107913,26877,164765,38752
"그리스","광업",0,0,0,0,1888,0,0,183,0,0,0,1254,130,0,4786,0,462,1261,0,0,0
"그리스","제조업",1792853188,2768209989,1660908352,1413153131,3203445847,1208803336,1349505438,1908598024,884126569,1048590034,1312740919,2717405733,1627399485,978252894,1639373011,862546425,2028302634,1230231665,1029442416,1385726055,173066650
"그리스","폐수처리 및 자원재활용",19693,10939,6370,48544,680,0,250,1449,300,0,355,0,122462,0,0,537591,1493579,1940422,785802,475528,627941
"나이지리아","전산업",831069873,809475908,2374958480,2535988546,816517752,805615650,2487015911,853739950,1570674605,1378438740,685803886,460812721,2121967019,917849661,759611936,516306823,962965657,886815891,603026631,648928436,174207040
"나이지리아","농림어업",0,8389,244218,0,500,0,0,24950,41593,1376,43428,1513,21228,710333,645222,182240,40668,33672,22796,73154,23317
"나이지리아","광업",34327,5000,0,19446,18007,50,0,17133,60,82256,72533,6306,0,1314,407,141201,17447,42018,2044,33664,27000
"나이지리아","제조업",830987206,809432306,2374699790,2535923352,816428501,805613623,2487015911,853697804,1570621215,1378355108,685686688,460797989,2121893623,917094093,758860356,515969139,962907490,886740201,603001791,648784282,174155902
"나이지리아","폐수처리 및 자원재활용",48340,30213,14472,45748,70744,1977,0,63,11737,0,1237,6913,52168,43921,105951,14243,52,0,0,37336,821
"남아프리카 공화국","전산업",1319521738,1794231489,1752810523,1397157717,1082070827,1668190941,2254760370,2188273059,2697795222,1475572917,1262447174,950180339,969809828,1021976811,834074717,666318549,988619451,1144700021,883854734,707165112,225740918
"남아프리카 공화국","농림어업",28428,48133,14328,54851,60182,97336,589134,340140,252495,140958,265040,139318,202132,162330,225299,407269,219833,324284,293859,270408,149636
"남아프리카 공화국","광업",350464,515790,726871,1546334,288184,578956,1250354,1023754,1181122,881418,888229,832912,683320,666080,269752,315510,293099,394757,628439,606890,187280
"남아프리카 공화국","제조업",1319056187,1792850639,1752047650,1395390106,1081520361,1667233775,2252834694,2186800569,2696360730,1474296617,1261293337,949179345,968838700,1021116191,833497347,665513370,988080373,1143980949,882305546,705738031,225404000
"남아프리카 공화국","폐수처리 및 자원재활용",86659,816927,21674,166426,202100,280874,86188,108596,875,253924,568,28764,85676,32210,82319,82400,26146,31,626890,549783,2
"네덜란드","전산업",3646675245,3609376929,4488719856,6405585525,4527507246,5306207932,4626981062,5058781612,5512228123,5296459054,4024074866,3820901101,4649290260,4775166613,4243113002,3987034845,5810857880,7869100354,6855567234,6798667875,2524116848
"네덜란드","농림어업",2367085,2949726,6284952,15831656,7873247,6476288,9098752,8476314,9524657,9621574,9734144,9842192,11176975,12965716,13499152,11658877,10322494,9100317,7183587,8694821,2985048
"네덜란드","광업",235738,486510,21575413,47230969,4325888,27800887,2729042,5190983,8140180,2807406,467263,649366,54692,29124,28408,29621,3243225,141239,711757,708263,559464
"네덜란드","제조업",3643562898,3590809681,4456943674,6322816409,4502169738,5244873014,4598983744,5040399177,5491917010,5281059137,4011355950,3808889670,4634531170,4757794072,4225657110,3972957127,5793418824,7855529259,6840073634,6783713137,2519657882
"네덜란드","폐수처리 및 자원재활용",509524,15131012,3915817,19706491,13138373,27057743,16169524,4715138,2646276,2970937,2517509,1519873,3527423,4377701,3928332,2389220,3873337,4329539,7598256,5551654,914454
"노르웨이","전산업",468312927,850524111,596278264,2079816509,1606343523,2801148973,666394320,1061510498,1539406794,1669793276,4779030545,3509298881,4678528485,2874936714,1801975749,1462298676,813963588,964698027,464594403,451058804,140088214
"노르웨이","농림어업",0,0,-,0,4,0,2895,1030,3678,4115,8107,4341,12535,12191,11038,41943,33777,21310,43236,55539,20996
"노르웨이","광업",2095,0,0,3,0,0,56,1221,0,0,167,0,9960,104,0,0,0,0,125,3592,0
"노르웨이","제조업",468309487,850482191,596277409,2079816306,1606323978,2801145147,666390117,1061506723,1539402287,1669782261,4779021725,3509294512,4678505978,2874924419,1801964711,1462256727,813929811,964676717,464551042,450994123,140067218
"노르웨이","폐수처리 및 자원재활용",1345,41920,855,200,19541,3826,1252,1524,829,6900,546,28,12,0,0,6,0,0,0,5550,0
"뉴질랜드","전산업",670306083,672981251,699024996,824784629,890760947,918464478,1103835258,1465065933,1490531604,1730305149,1262746239,1305119651,1305768454,1743553078,1391888257,1463463331,1924022187,3490137390,2856249576,3250372124,872142915
"뉴질랜드","농림어업",354279,243776,336582,413380,395626,297247,307039,586681,847821,893042,1113588,1003947,1120790,1007703,1077540,1317614,1715769,1440140,1381453,1051860,153317
"뉴질랜드","광업",32023,8086,24851,12024,11199,41955,81467,70650,752047,1498770,1138175,314810,1316485,2615839,608362,89419,144942,200008,300831,91792,73892
"뉴질랜드","제조업",669876366,672704584,698647942,824306506,890338275,918115605,1103418223,1464396641,1488930147,1727913337,1260494447,1303799861,1303330309,1739929536,1390200749,1462054358,1922159870,3488497126,2854567267,3249228472,871915706
"뉴질랜드","폐수처리 및 자원재활용",43415,24805,15621,52719,15847,9671,28529,11961,1589,0,29,1033,870,0,1606,1940,1606,116,25,0,0
"대만","전산업",10862932451,12995658161,13027108757,11461971908,9501114850,14830499385,18205965421,14814856041,15699099300,15077397915,12004263679,12220455244,14898397833,20783511545,15666309878,16465446275,24285274425,26198240012,20178765773,33969085326,12318921448
"대만","농림어업",58888410,43934440,58001746,59040399,79131145,86630432,102115325,87104000,105220634,97499295,100350534,97608256,99667568,97439557,118789820,93906006,98763260,90247440,73986804,71667655,15781015
"대만","광업",1922264,1851083,1294013,2606776,2599618,4584548,18989005,6700628,6482653,5948232,5730313,6416825,5879053,7689452,6182536,9002129,21603245,12135767,6513584,13004354,3851654
"대만","제조업",10764029353,12885474733,12874909667,11329884785,9387657402,14622204414,17977193401,14674794368,15565749093,14942753096,11869515735,12083453844,14736661029,20628122051,15504432305,16324442277,24129768732,26059946180,20073103980,33851768112,12289721438
"대만","폐수처리 및 자원재활용",38092424,64397905,92903331,70439948,31726685,117079991,107667690,46257045,21646920,31197292,28667097,32976319,56190183,50260485,36905217,38095863,35139188,35910625,25161405,32645205,9567341
"덴마크","전산업",620594641,653271955,462624160,408329118,478703502,561524752,437663985,349836124,1273631216,2232440330,1416977694,333427667,1496269300,1094175610,447817100,439172664,744456777,510931908,690986327,1800942489,823405045
"덴마크","농림어업",17743,0,12250,88322,63775,17439,78095,68692,28194,11290,25819,10653,875,16206,16706,8014,7145,31020,80784,28664,62
"덴마크","광업",2331,0,0,50,0,0,1,0,0,0,200,0,17,0,0,0,0,0,0,0,0
"덴마크","제조업",620496030,653140006,462546861,408175692,478547306,561431693,437561053,349747448,1273590990,2232390779,1416934819,333408270,1496191938,1094148556,447800385,439159372,744442064,510842770,690889991,1800913825,823404983
"덴마크","폐수처리 및 자원재활용",78537,131949,65049,65054,92421,75620,24836,19984,12032,38261,16856,8744,76470,10848,9,5278,7568,58118,15552,0,-
"독일","전산업",10303964224,10056206492,11542529268,10522710707,8820863155,10702180215,9500927043,7509691315,7907864814,7570925578,6220210788,6442963453,8483846863,9372656850,8685736956,9576135535,11109893534,10067731683,10317120538,9036998413,3453211017
"독일","농림어업",2463124,1096794,256253,842282,1103713,2360312,1555007,1197984,2234888,1646080,1308367,1650027,1359950,2283582,1630590,1459918,1658178,1671411,1375479,1644728,538275
"독일","광업",202865,401345,162270,386382,1519230,3013344,3692478,4717997,4900605,2100876,3051929,1393326,1639971,1907129,1754602,1057314,1051207,957895,1216511,2382795,1422128
"독일","제조업",10284036392,10043015380,11524279647,10505516402,8803043696,10679940213,9481878961,7497666691,7897627644,7565379865,6215472442,6438603105,8479454530,9368244467,8677750110,9569618145,11098535791,10054577058,10305036346,9009918492,3449688239
"독일","전기가스증기수도",-,-,-,-,-,-,-,-,-,-,-,0,-,-,-,-,-,-,-,-,-
"독일","폐수처리 및 자원재활용",17261843,11692973,17831098,15965641,15196516,16866346,13800597,6108643,3101677,1798757,378050,1316995,1392412,221672,4601654,4000158,8648358,10525319,9492202,23052398,1562375
"러시아","전산업",3864169925,5179247875,8087745645,9747956839,4194066403,7759836015,10304879976,11097138308,11149103361,10129248565,4685732134,4768750636,6906617743,7320898751,7774132885,6899967864,9979538790,6328172794,6133435422,4529042959,1179508032
"러시아","농림어업",884350,3456774,3196165,2384301,2979301,2213794,2718319,2579234,3188400,4294671,2160505,2238584,3118244,2925513,2596966,5293513,7272197,3782774,4981363,4049011,501176
"러시아","광업",506151,351426,156652,233489,43423,457948,2386217,1418795,2273240,356303,111515,266360,87984,284392,480956,1387207,191058,981927,6630909,1353279,171969
"러시아","제조업",3862298386,5174934070,8083548511,9744887633,4189818572,7755507215,10297656835,11091028347,11143343011,10124586812,4683306414,4765951541,6903313309,7317579521,7770993697,6893211644,9972060984,6323406447,6121800841,4523618492,1178817788
"러시아","폐수처리 및 자원재활용",481038,505605,844317,451416,1225107,1657058,2118605,2111932,298710,10779,153700,294151,98206,109325,61266,75500,14551,1646,22309,22177,17099
"루마니아","전산업",387251709,608647949,854813043,720586946,387132984,456403890,463313049,438713298,439404376,597928278,538615527,558963264,432311374,483450337,561606240,505033975,588049399,525997098,528461302,627046248,222364001
"루마니아","농림어업",-,-,0,213,400,0,13562,9013,109171,29215,2476,717,1010,2860,18894,4994,19224,39844,101671,113251,80033
"루마니아","광업",11406,18886,7533,91766,9929,8571,0,0,22247,85057,23517,0,260,617,10108,864,252,0,2067,0,0
"루마니아","제조업",387230706,608576741,854645972,720385969,387053981,456362830,463225371,438656246,439124359,597751183,538557361,558943119,432310104,483446860,561577080,505027630,588029923,525954730,528355068,626932997,222283968
"루마니아","폐수처리 및 자원재활용",9597,52322,159538,108998,68674,32489,74116,48039,148599,62823,32173,19428,0,0,158,487,0,2524,2496,0,0
"말레이시아","전산업",4608170916,5227177745,5704247917,5794490738,4324821847,6114822587,6275130950,7723494226,8587756836,7582611408,7735292851,7533346987,8044985007,8993878875,8843498838,9078150407,10107327938,11473479576,9760075662,10443243857,3813083522
"말레이시아","농림어업",3793907,3735853,5311625,5994021,7477442,8357295,9440688,10067721,10869548,13173590,11735657,8688116,10336325,12055043,12187203,10897115,9965986,9745865,8659045,9351621,3936360
"말레이시아","광업",1488990,2023266,1237539,2869008,1324645,1512989,1905156,2585689,2796374,2945155,2772393,3035616,3024409,2966638,3085340,2844481,2747788,3079322,2315109,2287894,1023602
"말레이시아","제조업",4595158729,5213727162,5690234159,5779922431,4312281337,6099584649,6257952745,7706721362,8569835322,7560891294,7715343495,7516559256,8026040668,8965356015,8799606796,9043650297,10078738280,11447537867,9709209034,10392868024,3796265742
"말레이시아","폐수처리 및 자원재활용",7729290,7691464,7464594,5705278,3738423,5367654,5832361,4119454,4255592,5601369,5441306,5063999,5583605,13501179,28619499,20758514,15875884,13116522,39892474,38736318,11857818
"멕시코","전산업",3789088308,6284571277,7482004550,9089948791,7132759513,8845549430,9729058514,9042359578,9727377010,10846017554,10891938146,9720803669,10932591428,11458232623,10927015725,8241005831,11290247486,12654211854,12221993276,13604231407,3900017854
"멕시코","농림어업",304177,269526,101222,47477,14863,31231,43327,29085,19520,23562,2908,6838,309518,395279,14562,6370,20050,51773,37712,87114,5273
"멕시코","광업",8892,15356,13098,21344,20649,15834,8449,6840,28275,814901,1773900,2270502,2404769,1785673,2238370,3370126,5923092,2749862,4773661,4727195,1194585
"멕시코","제조업",3784442137,6278917019,7476124156,9082289249,7125580171,8834071730,9714824043,9042188758,9727325278,10845174932,10890117807,9718464908,10929212810,11454999085,10923367074,8236837883,11283638944,12650349998,12216241032,13598475535,3898563679
"멕시코","전기가스증기수도",-,-,-,-,-,-,-,-,-,-,-,28430,-,-,-,-,-,-,-,-,-
"멕시코","폐수처리 및 자원재활용",4333102,5369376,5766074,7590721,7143830,11430635,14182695,134895,3937,4159,43531,32991,664331,1052586,1395719,791452,665400,1060221,940871,941563,254317
"모로코","전산업",207888415,222718469,390286590,390761223,302203289,322779720,362316739,508491842,292557002,308248868,349477664,543570940,274933463,331535676,322439825,271076727,309608465,357973555,392259696,365792841,119070188
"모로코","농림어업",0,0,0,0,0,0,47700,45000,0,7320,7790,17735,47756,54064,58018,90190,62726,50181,64909,50363,12241
"모로코","광업",0,0,0,0,0,0,0,0,0,0,0,91568,0,0,0,8750,0,396,0,2464,0
"모로코","제조업",207888415,222669859,390271162,390761223,302203289,322769514,362268884,508445651,292554410,308237757,349469874,543453562,274885707,331481612,322381783,270977787,309535239,357919846,391562372,365739457,119057947
"모로코","폐수처리 및 자원재활용",0,48610,15428,0,0,10206,155,1191,2592,3791,0,8075,0,0,24,0,10500,3132,632415,557,0
"미국","전산업",41342584357,43183502283,45766102540,46376610068,37649853348,49816057960,56207702852,58524558473,62052487820,70284871921,69832102670,66462311890,68609727630,72719932179,73343897781,74115819391,95901955739,109765705370,115696333833,127761370651,40934067992
"미국","농림어업",36653599,34183920,44627377,44044565,53191525,56734965,54172197,62815774,68811211,71175752,72028805,76495643,79193436,85621655,96027221,97272170,98560412,100080249,106960401,104693953,22553723
"미국","광업",5153737,5473420,6156704,6653252,4344332,10269221,15495829,13120564,8402479,7827121,11598561,13474409,14809106,13884809,13608684,11761247,20170010,15490025,19671321,24124113,5001381
"미국","제조업",41267454710,43107283832,45682539767,46296513551,37574920302,49726811534,56112372878,58424998842,61956949547,70177544431,69725271470,66356247141,68495525847,72594028226,73209010159,73990546638,95764898609,109619074020,115527609717,127579340949,40888886711
"미국","전기가스증기수도",-,-,-,-,-,-,-,-,-,-,-,-,-,0,-,-,-,-,-,-,-
"미국","폐수처리 및 자원재활용",33322311,36561111,32778692,29398700,17397189,22242240,25661948,23623293,18324583,28324617,23203834,16094697,20199241,26397489,25251717,16239336,18326708,31061076,42092394,53211636,17626177
"바레인","전산업",118356869,125230826,202204612,498118910,282629636,274146037,230583774,328963371,233976764,275226031,186802271,179724684,289756300,193411721,288148209,381659839,185230629,149157606,153834233,195584476,38469695
"바레인","농림어업",5152,12556,12078,12455,17843,28139,22460,37749,22458,31852,37468,24556,21175,24506,42002,7996,12957,6178,19301,12239,5998
"바레인","광업",-,55,13860,36935,5442,48498,37459,18132,12634,3600,2615,7908,2950,30456,514,2269,6068,3539,5750,11981,6050
"바레인","제조업",118351717,125218215,202178674,498069520,282606351,274069400,230515840,328905054,233941672,275190579,186753106,179692219,289732175,193356759,288105693,381649574,185211604,149147889,153809182,195560256,38457647
"바레인","폐수처리 및 자원재활용",0,0,0,0,0,0,8015,2436,0,0,9082,1,0,0,0,0,0,0,0,0,0
"방글라데시","전산업",611136788,648315797,611524183,1095016437,1063847754,1554316990,1627620216,1458891449,1427204459,1235935248,1208794777,1158421309,1276319340,1238299391,1282342070,1033330956,1635853638,2356959096,1625988290,1300586819,556868469
"방글라데시","농림어업",259128,128360,264933,198728,176909,368249,296528,1228016,433092,542570,321102,294632,421716,652462,741155,1169981,1113909,1190843,893866,1007719,276970
"방글라데시","광업",101212,165128,127793,251977,373973,438869,353568,295602,424511,561296,608012,681294,704320,722463,721091,1058899,449636,931589,1227092,693676,322860
"방글라데시","제조업",610672784,646995524,611090007,1094438523,1063278871,1553484653,1626543430,1457304534,1426174732,1234636900,1207804404,1146041484,1272672791,1236048401,1280828278,1031073533,1633367643,2354714801,1622400753,1296430681,554378564
"방글라데시","폐수처리 및 자원재활용",103664,1026785,41450,127209,18001,25219,426690,63297,172124,194482,61259,11403899,2520513,876065,51546,28543,922450,121863,1466579,2454743,1890075
"베네수엘라","전산업",570523142,995908793,1232505731,728387169,353387268,643536841,614682711,522944619,442904913,235883894,449475790,324022760,51117738,20567858,22184187,19217537,31143005,41227353,36198476,42385170,12525537
"베네수엘라","농림어업",159,0,-,0,0,2200,1400,-,0,0,0,10,0,0,0,0,0,0,0,0,0
"베네수엘라","광업",-,-,-,-,0,-,0,0,0,0,0,0,0,-,0,-,0,0,0,-,0
"베네수엘라","제조업",570522983,995908793,1232505731,728372878,353357373,643507927,614644923,522904300,442904913,235883894,449474884,324022647,51117738,20567858,22184187,19217390,31143005,41227353,36198476,42385170,12525537
"베네수엘라","폐수처리 및 자원재활용",0,0,0,14291,29895,26714,36388,40319,0,0,906,103,0,0,0,147,0,0,0,0,0
"베트남","전산업",3431654003,3927476205,5760054466,7804817091,7149477442,9652073403,13464921992,15945975434,21087581632,22351690389,27770750422,32630457294,47753839220,48622097634,48177748700,48510572433,56728532097,60963679824,53479534829,58322968540,18960970754
"베트남","농림어업",6399392,6414745,7922230,6020711,7083445,17484009,51126983,62287451,116673019,97906900,52036426,63140550,46124417,61718254,70314219,49733982,47375695,54137639,49914827,45969013,15619994
"베트남","광업",2863762,2515002,1854596,3232435,2034723,3092623,3760369,9884652,6414572,7726281,8880831,11451616,14355070,15509342,15188511,19019416,27356453,33563754,27898611,21388613,5396691
"베트남","제조업",3416985942,3910316127,5735898327,7777610680,7116434292,9614167590,13397575229,15863671775,20955108124,22236401393,27696191150,32524811384,42977533573,44317154864,48051334027,48408793727,56604847887,60827041560,53360670394,58195690877,18920791659
"베트남","폐수처리 및 자원재활용",5404907,8230331,14379313,17953265,23924982,17329181,12459411,10131556,9385917,9655815,13642015,31053744,4715826160,4227715174,40911943,33025308,48952062,48936871,41050997,59920037,19162410
"벨기에","전산업",1816879838,2186493905,2581560864,3233908694,2189248861,2028476598,2255376460,2257449862,2240758078,2454703111,2023312565,2426490760,2795323768,3246212970,2707099914,2753090281,4437676618,5029456544,5024979393,4307557223,1379096271
"벨기에","농림어업",115979,121259,174770,1133697,663667,835051,4385843,1295797,565906,129923,967596,696937,908059,443407,133019,1776433,104142,2113604,91740,92399,1072
"벨기에","광업",7320752,8168431,8475512,7036914,3532549,2027711,69597,186886,0,22079,3160764,36218,5110,7790014,307456,98271,79985,263597,127264,137884,40688
"벨기에","제조업",1808745888,2177038959,2568617913,3223661636,2184276706,2022309620,2247384683,2255099045,2238926483,2453193451,2018681620,2424684591,2794170068,3237615521,2705108404,2749492694,4436669182,5026833777,5023440304,4307326940,1378915027
"벨기에","폐수처리 및 자원재활용",697219,1165256,4292669,2076447,775939,3304216,3536337,868134,1265689,1357658,502585,1073014,240531,364028,1551035,1722883,823309,245566,1320085,0,139484
"볼리비아","전산업",8466042,7668548,10190699,15112004,13126659,19782778,26635786,37959966,51106122,129701195,90337099,66339086,65707123,48969153,30434222,23244348,33384280,45682460,34797202,29152038,11361360
"볼리비아","농림어업",0,0,0,0,0,0,0,0,0,0,0,0,0,0,15,7000,10000,4000,5000,0,-
"볼리비아","광업",0,0,0,0,0,0,0,0,195,28377,26771,1240,766,0,0,2304,1648,1390,0,568,433
"볼리비아","제조업",8464979,7667946,10187719,15110689,13123660,19782338,26621414,37959137,51105927,129672818,90310328,66337846,65706357,48969153,30434207,23235044,33372632,45677070,34792202,29151470,11360927
"볼리비아","폐수처리 및 자원재활용",1063,602,2980,1315,2999,440,14372,829,-,0,-,-,0,0,0,0,0,0,-,0,0
"불가리아","전산업",193340328,181236281,191236450,152306714,71600697,131361129,176820940,104785996,120364609,117808109,107688032,134652096,137416161,174343929,165646282,157413075,166799108,166514618,196062898,237191348,61369435
"불가리아","농림어업",18900,57290,0,8000,23976,50148,23996,7050,480,14779,33690,17228,38121,51429,19074,15728,7165,11347,22964,714,0
"불가리아","광업",39071,684,87355,42030,1040,0,0,0,0,264,5529,0,0,1615,679,45,10,246,0,0,0
"불가리아","제조업",193262111,181178307,191106418,152231021,71575681,131187471,176796944,104778946,120364129,117793066,106269318,134634868,137378040,174004994,165066467,157212236,166791933,166503025,196039934,237189338,61369435
"불가리아","폐수처리 및 자원재활용",20246,0,42677,25663,0,123510,0,0,0,0,1379495,0,-,285891,560062,185066,0,0,0,1296,-
"브라질","전산업",2410687076,3063431718,3487475839,5925865684,5311209750,7752579212,11821399032,10286064870,9688236019,8922090507,5494896312,4456543033,5505231583,4883693454,4809207235,3943638385,4666440266,4975561807,4343794585,5250613494,1912312109
"브라질","농림어업",104179,119725,44877,76065,53947,71148,107230,79770,69543,199137,152601,213923,281691,319133,298166,359166,174132,409269,681210,785745,181118
"브라질","광업",368157,117117,3393383,9782079,626931,303263,329266,385873,575479,1890859,2816738,594487,555080,355964,407977,242416,355121,476629,1091258,338087,124154
"브라질","제조업",2408247935,3061102757,3483397007,5915045010,5308886743,7751126469,11820013055,10282202118,9674777457,8910869723,5489014122,4455170441,5503463637,4881975498,4807155322,3942111960,4664650458,4973442124,4341121584,5248614510,1911777285
"브라질","전기가스증기수도",-,-,-,-,-,-,-,-,-,-,500,-,-,-,-,-,-,-,-,-,-
"브라질","폐수처리 및 자원재활용",1966805,2092119,640572,962530,1642129,1078332,949481,3397109,12813540,9130788,2912351,564182,931175,1042859,1345770,924843,1260555,1233785,900533,875152,229552
"사우디아라비아","전산업",2093147041,2978298272,4025836313,5253426423,3856581862,4556672615,6964298594,9112041458,8827721984,8287511137,9481872325,5643866687,5147056135,3951951360,3697120399,3301896145,3324694414,4865149713,5324699882,5234984918,1468610298
"사우디아라비아","농림어업",53190,32391,28032,27459,27237,24324,137089,638321,286130,246143,120199,101063,74736,88281,124755,143896,57598,266278,356433,233813,249791
"사우디아라비아","광업",67954,59054,29292,152420,182775,293901,616940,475169,1006694,597225,342234,395313,464826,137781,149795,224155,232432,437792,593910,1373726,738922
"사우디아라비아","제조업",2093025101,2978202388,4025713508,5253173124,3856288736,4556339060,6963541002,9110760741,8826401753,8286639350,9481336440,5643323251,5146516373,3951720969,3696818689,3301299070,3324401446,4864444873,5323717021,5233376911,1467621235
"사우디아라비아","폐수처리 및 자원재활용",796,4439,65481,73420,83114,15330,3563,167227,27407,28419,73452,47060,200,4329,27160,229024,2938,770,32518,468,350
"세네갈","전산업",16627384,22539821,32869633,41168202,41966254,44373099,62733509,57280918,75291141,127125281,146174548,250149511,78567359,119357457,85439850,77464999,98816737,89764499,111740660,163003316,39110219
"세네갈","농림어업",18750,-,-,-,90,32000,88490,131900,94400,28700,65380,36,18,682,2300,1944,65550,679,5756,7850,14596
"세네갈","광업",-,-,-,-,0,-,0,0,0,0,1800,0,0,0,0,0,0,37,0,0,0
"세네갈","제조업",16608614,22539821,32869633,41168202,41966164,44341099,62645019,57149018,75196741,127087603,146107368,250149475,78567341,119356775,85437550,77463055,98745787,89763783,111734904,162995466,39095623
"세네갈","폐수처리 및 자원재활용",20,0,0,0,0,-,0,0,0,8978,0,0,0,0,0,0,5400,0,0,0,0
"스리랑카","전산업",204870896,193245283,186116565,626559598,170323136,245884326,343615284,320312641,299314987,314124722,277840913,275511942,286837206,281698810,235236550,172016584,287727182,190613070,210666234,186397710,67399324
"스리랑카","농림어업",110877,159129,175589,335373,223396,210788,152615,94239,240411,189018,198834,352424,404778,263708,417206,534770,541023,421803,384194,448596,90426
"스리랑카","광업",434019,358552,504901,900563,252886,409688,569602,602671,620343,795485,717793,673800,569100,676504,618092,497689,814827,1255913,708406,744683,277741
"스리랑카","제조업",204311784,192696348,185434838,624949881,169844804,245258659,342881339,319615482,298453955,313048080,276924286,274485533,285863208,280758598,234166125,170984074,286371056,188933728,209573634,185204431,67031157
"스리랑카","폐수처리 및 자원재활용",14216,31254,1237,373781,2050,5191,11728,249,278,92139,0,185,120,0,35127,51,276,1626,0,0,0
"스웨덴","전산업",904361905,857824172,950046451,935038293,472105150,637649170,1042835213,788767594,872970973,871068378,699042833,804248908,895553004,1046595572,1070505062,921242052,1520456120,1416952676,1386710061,1366134436,423290854
"스웨덴","농림어업",-,154380,108792,388056,214636,184475,0,3774,2245,4902,960,4330,7750,16730,64686,99323,105828,40400,97733,86447,63464
"스웨덴","광업",0,1107,3046,118,0,2,465699,300769,1003,0,2467,0,2651,570,711,750,1671,10571,413,109,0
"스웨덴","제조업",903480842,856219932,947496418,933555748,471755049,636925511,1042305452,788245406,872670214,870793921,698982322,804204720,895376693,1046392081,1070424204,920848076,1520218413,1416592817,1386066329,1366033076,422462184
"스웨덴","폐수처리 및 자원재활용",881063,1448753,2438195,1094371,135465,539182,64062,217645,297511,269555,57084,39858,165910,186191,15461,293903,130208,308888,545586,14804,765206
"스위스","전산업",576042347,840244711,483803577,399058318,341403504,369501315,1130413647,401765565,872191677,313642555,1485217772,557751118,487974598,496532086,588666248,715874572,855443630,974268527,1124687401,1160741462,488799774
"스위스","농림어업",162923,176200,4957,51744,102787,96464,88135,73331,263541,92222,118528,227166,83306,107699,129456,78438,72677,48580,16689,31620,3746
"스위스","광업",31184,16287,58961,6811,21626,1006273,2476770,150131,55824,111626,119540,187853,75825,101074,147719,76528,84942,335578,2896021,16618393,4367
"스위스","제조업",575255645,839703050,483485859,398800820,341170542,368180729,1127680789,401390505,871772628,313298337,1484883446,557254423,487805172,496267287,588346928,715700527,855277581,973872602,1121757859,1143941558,488791391
"스위스","폐수처리 및 자원재활용",592595,349174,253800,198943,108549,217849,167953,151598,99684,140370,96258,81676,10295,56026,42145,19079,8430,11767,16832,149891,270
"스페인","전산업",2867060987,3479242208,3924790317,3192485559,1737082196,1857955111,1856558213,1668337660,1682123219,2068471292,2171040467,2328644123,2790573048,3027371231,2769854024,2301057828,2846423028,3235876083,3336623365,3390174439,1189633569
"스페인","농림어업",452118,633719,651809,554001,881139,1214476,1706612,1784246,1772692,1301179,1236462,1149019,1315133,1781555,1939936,1510289,2300624,2207024,2772088,2835901,924171
"스페인","광업",0,53496,66242,48202,78938,303972,708610,127417,11549,10441,32307,27115,43733,836542,48576,37706,61396,41214,73885,41675,26384
"스페인","제조업",2866463713,3478139972,3923150685,3191514936,1734878457,1847946452,1848166428,1666403007,1680338978,2067159672,2169771187,2327448885,2788872134,3024750794,2767344945,2297165001,2843774978,3233318171,3330182872,3386966969,1188678494
"스페인","폐수처리 및 자원재활용",145156,415021,921581,368420,1243662,8490211,5976563,22990,0,0,511,19104,342048,2340,520567,2344832,286030,309674,3594520,329894,4520
"슬로바키아","전산업",691726459,1267058694,2706890322,3462394721,3136915805,4424074574,4103422360,4624495769,4406986420,4298747953,3543446835,2926364837,2772780157,2719312671,2314661644,2210877560,2836046898,2848560707,2975721213,2813376952,873221319
"슬로바키아","농림어업",0,0,0,0,4916,12387,16373,16956,22179,72159,29894,37271,20521,3596,52733,56404,39939,49081,21512,13443,0
"슬로바키아","광업",0,643,0,0,2032,231,5023,943,11147,16370,11898,4188,3969,10012,1480,2415,1361,2259,661,1000,358
"슬로바키아","제조업",691701436,1267025057,2706759128,3462349812,3136906174,4424056680,4103358056,4624474038,4406948284,4298584785,3543405043,2926323366,2772716516,2719282689,2314593438,2210796481,2835964187,2848469809,2975647877,2813344537,873216071
"슬로바키아","폐수처리 및 자원재활용",25023,32994,131194,44909,2683,5276,42908,3832,4810,74639,0,12,39151,16374,13993,22260,41411,39558,51163,17972,4890
"싱가폴","전산업",7406634283,9489299821,11949490888,16292971228,13616993907,15244201577,20839004711,22887919019,22289027938,23749882578,15011163932,12458894209,11651939245,11782182369,12768033732,9828387645,14148511421,20205409571,18751990144,18224212227,6173911165
"싱가폴","농림어업",1877517,2915632,3209872,6748700,14457902,18188438,15017911,13860392,16527313,18246336,18196841,16740642,18832067,18783082,22430816,23731413,25135587,20665864,26718244,27111269,17133573
"싱가폴","광업",1670447,1247123,1609553,1751146,2057806,2613915,2261824,3480852,1704639,1574218,1916265,731554,565788,587884,371077,449189,2715775,3405858,3014965,19846073,2373957
"싱가폴","제조업",7396079628,9476633517,11931487131,16276792577,13593479199,15189357747,20807146418,22855977678,22259835419,23716845337,14983453883,12438719546,11629113887,11748761111,12733051343,9793651852,14105047917,20171351319,18717433688,18171585651,6152535147
"싱가폴","폐수처리 및 자원재활용",7006691,8503549,13184332,7678805,6999000,34041477,14578558,14600097,10960567,13216687,7596943,2702467,3427503,14050292,12180496,10555191,15612142,9986530,4823247,5669234,1868488
"아랍에미리트 연합국","전산업",2732731531,2895994261,3704742819,5748540173,4977750867,5487046921,7267754322,6861716137,5737664045,7211628091,6076775019,5869962292,5388883443,4588471959,3469771905,3653610995,3974772102,3966846480,4432060562,5066713664,1767416068
"아랍에미리트 연합국","농림어업",55253,38329,72753,150806,317621,439635,565854,652969,779379,800175,671799,863745,692897,982497,1011371,1021576,1007165,1350591,2495896,3064017,1174522
"아랍에미리트 연합국","광업",350969,1111202,1032300,2266863,720453,794886,504911,429200,393614,561313,516349,765970,271358,1341568,181727,282573,417684,4037762,493232,1050492,97417
"아랍에미리트 연합국","제조업",2732293776,2894248474,3702519928,5745797388,4975459145,5484305528,7265771069,6859785370,5736094203,7209650180,6074722675,5867576236,5387063335,4584127742,3465832579,3651937622,3972081766,3961216615,4426724112,5060092370,1766056406
"아랍에미리트 연합국","폐수처리 및 자원재활용",31533,596256,1117838,325116,1253648,1506872,912488,848598,396849,616423,864196,756341,855853,2020152,2746228,369224,1265487,241512,2347322,2506785,87723
"아르헨티나","전산업",309008422,330936576,489139800,578207443,494269164,909449461,1081071200,972906244,1074647149,753793322,1046850816,795651280,836174326,536361275,341475281,331740764,390620182,528689540,445475133,384882735,138344747
"아르헨티나","농림어업",8723,14355,13091,14249,23828,10648,45114,52939,163679,143745,214937,308255,328969,266234,158625,260999,281654,85337,216609,305051,94587
"아르헨티나","광업",42143,47884,92275,53609,38114,6331,76443,29600,13368,189,53080,380,2667,525,0,0,810,1794,2654,3600,0
"아르헨티나","제조업",308517158,330412482,488690005,577542615,493689648,909121419,1080688030,972508360,1074416446,753630243,1046576672,795342645,835834706,536094378,341316483,331471831,390337478,528590771,445163753,384531052,138193477
"아르헨티나","폐수처리 및 자원재활용",440398,461855,344429,596970,517574,311063,261613,315345,53656,19145,6127,0,7984,138,173,7934,240,11638,92117,43032,56683
"아일랜드","전산업",650850598,545263890,888194813,662815327,424335239,380774057,355678928,377639927,369071718,463122817,366316656,565101460,693158611,649569048,650050466,924098633,989738478,822781489,804549477,986210686,399120047
"아일랜드","농림어업",470,-,16,0,4449,12596,7152,0,678,937,1169,781,10532,1579,166,506,31141,10123,45048,26900,37357
"아일랜드","광업",999577,246556,0,23695,762,24082,43708,7236,0,7514,5429,0,2,64,3394,0,0,0,7357,982,164
"아일랜드","제조업",649850551,545014814,888194797,662790552,423472826,380734229,355626871,377632691,369071040,463114366,366307865,565098091,693148077,649567405,650046866,924098127,989707337,822771366,804497072,986182804,399082526
"아일랜드","폐수처리 및 자원재활용",0,2520,0,1080,857202,3150,1197,0,0,0,2193,2588,0,0,40,0,0,-,0,-,-
"에콰도르","전산업",344300509,386086264,428595244,626426176,438409544,887193844,886612322,856768191,919923740,811541780,641281538,434241246,608864603,781872832,479393920,377358448,761501912,770721654,768651656,516563046,114564136
"에콰도르","농림어업",26441,31900,15335,21200,6440,42612,15542,42019,35931,17100,25879,24507,32500,17628,46917,37116,40344,68970,29151,46867,57356
"에콰도르","광업",0,-,-,0,685,-,21909,540,1010,0,0,1835,-,18800,49726,27060,40479,94210,73838,60276,9166
"에콰도르","제조업",344273610,386054302,428577407,626401021,438402384,887144630,886568007,856723899,919886799,811524680,641211441,434214904,608832065,781836404,479297277,377294173,761421089,770532712,768548667,516455903,114497614
"에콰도르","폐수처리 및 자원재활용",458,62,2502,3955,35,6602,6864,1733,0,0,44218,0,38,0,0,99,0,25762,0,0,0
"영국","전산업",5338843552,5635118643,6870038157,5936153878,3796552620,5555093795,4969095033,4896879429,4727084808,5782609843,7390096509,6288402906,8121799697,6358760233,5514842216,4467373539,5962152997,6340999183,5958440373,6641956487,2127135133
"영국","농림어업",877378,181324,208125,618015,535198,1735251,2718947,3089380,2468954,2371563,1455958,630050,968661,666347,701598,758233,938145,527357,773677,802508,260956
"영국","광업",1334103,1228989,7455572,16143961,2936565,5609966,1444885,802438,426984,730334,394053,217061,240698,906534,137074,140090,128824,143667,110550,82406,46597
"영국","제조업",5334096619,5630018488,6858249989,5912852879,3788642318,5527199882,4950877311,4887471495,4719883907,5770016890,7382574381,6282115543,8114050994,6351769146,5508825431,4464529837,5957634475,6331498941,5950931975,6634220098,2126195280
"영국","폐수처리 및 자원재활용",2535452,3689842,4124471,6539023,4438539,20548696,14053890,5516116,4304963,9491056,5672117,5440252,6539344,5418206,5178113,1945379,3451553,8829218,6624171,6851475,632300
"오만","전산업",304309879,344323010,542442769,888589805,530595425,664097172,906983455,923589719,1007008340,1171638635,939410104,615571913,641218246,674885469,643227832,612765093,387624747,350965823,503185201,631160622,194938175
"오만","농림어업",1406,-,0,962,1738,0,19490,18480,15244,17340,28781,27102,29044,50473,11871,61563,64761,7444,26693,16398,5970
"오만","광업",0,0,0,0,0,0,0,11515,0,49951,11631,604,0,85664,11415,301,776,18053,2859,51534,0
"오만","제조업",304308473,344323010,542442769,888588843,530593687,664097172,906963965,923559724,1006993096,1171571344,939369692,615543802,641189202,674746396,643081045,612688985,387559210,350940326,503098802,631091670,194932205
"오만","폐수처리 및 자원재활용",-,-,-,-,-,-,0,0,0,0,0,405,0,2936,123501,14244,0,0,56847,1020,-
"오스트리아","전산업",970511574,886632238,770672058,661498970,643019568,951754490,838489595,838481197,606904346,937825767,882326284,840045801,959363501,1077184443,864802465,1065982784,1300632420,1421087269,1027243106,1419812389,350358953
"오스트리아","농림어업",19861,21476,2817,28197,13372,9225,67989,157164,142909,139832,95376,293810,201688,193395,167813,161247,205535,67283,137643,145827,41305
"오스트리아","광업",422280,282662,3121,871,318,141292,498513,374344,284668,239140,269350,279007,333840,259705,218511,231395,225440,161342,167321,144260,56460
"오스트리아","제조업",970068333,885608841,770646647,661466822,642968752,951603973,837923093,837833061,606159364,937446245,880573174,837984126,956212299,1076035548,864413530,1065573574,1300063249,1420849355,1026912125,1419310560,350260252
"오스트리아","폐수처리 및 자원재활용",1100,719259,19473,3080,37126,0,0,116628,317405,550,1388384,1488858,2615674,695795,2611,16568,138196,9289,26017,211742,936
"온두라스","전산업",119650216,138906985,131583970,130728669,80616954,106253180,136635726,156403733,124047777,114903927,117100649,117049164,125870439,117597288,125282389,107745120,135446065,141352033,163527813,185697366,44394998
"온두라스","농림어업",-,95567,-,0,0,-,-,726,-,0,3000,1431,1100,0,-,-,29,43324,9142,24024,8199
"온두라스","광업",1801,0,45048,0,-,0,0,0,0,16975,61842,20227,41657,32347,0,0,0,0,464,0,-
"온두라스","제조업",119648415,138811418,131538922,130728669,80616954,106253180,136635726,156403007,124047777,114886952,117035807,117027506,125827682,117563083,125282389,107745120,135446036,141308709,163516737,185673342,44386799
"온두라스","폐수처리 및 자원재활용",0,-,0,0,0,0,0,0,0,0,0,0,0,1858,0,0,0,0,1470,0,0
"요르단","전산업",467809118,359081373,386494538,734086580,1018639114,1266219982,1224001857,1395545836,1316642872,1383379255,849127216,619985266,647896425,520142909,531208023,469685909,668911030,821769108,758796327,546846288,235731279
"요르단","농림어업",423,4433,2144,461,0,7866,11675,17300,53500,39144,834,6953,43510,35098,88889,139587,107172,34911,109103,123631,23795
"요르단","광업",8912,0,0,0,0,0,35,0,29,0,14,0,0,356,197,1480,0,0,0,26583,-
"요르단","제조업",467797592,359072349,386487588,734082183,1018615223,1266201430,1223989079,1395528536,1316589343,1383340111,849126368,619978313,647705506,520107455,531118937,469544842,668803858,821734197,758687224,546696074,235707484
"요르단","폐수처리 및 자원재활용",2191,4591,4806,3936,23891,10686,1068,0,0,0,0,0,147409,0,0,0,0,0,0,0,0
"우루과이","전산업",57073067,54236998,71637248,98999955,64429565,159177747,217060569,183992181,385919034,255319900,192795467,100384280,115477660,121974169,121278195,75139794,134029984,152393122,136700158,163936121,44810792
"우루과이","농림어업",397,0,0,0,558,5250,11075,23300,15006,14176,525,13024,8150,7310,3600,0,4016,2680,103217,52561,166
"우루과이","광업",-,-,-,0,0,-,15936,0,0,12,0,1445,0,-,0,0,0,0,0,0,-
"우루과이","제조업",57066872,54198319,71631797,98991835,64419640,159153371,217013703,183945007,385904028,255305712,192794942,100369811,115469510,121966814,121274467,75139794,134025938,152390442,136596941,163883560,44810626
"우루과이","폐수처리 및 자원재활용",5798,38679,5451,8120,9367,19126,19855,23874,0,0,0,0,0,45,128,0,30,0,-,0,0
"우크라이나","전산업",686744629,884479661,1546188874,1773293710,426434627,714220913,1022530575,1149468008,634595606,338808665,194366835,222246882,258559627,341333318,348735564,393855930,581488300,216928396,374509551,374211475,170870793
"우크라이나","농림어업",0,0,16,5405,26660,49540,61714,26230,64328,57516,182096,195904,313624,271432,478376,490039,598059,244572,465880,258812,300277
"우크라이나","광업",2094,36597,0,0,0,0,0,0,216,0,0,0,100,289554,52568,40318,94490,50220,129688,160353,98875
"우크라이나","제조업",686715478,884423659,1546171981,1773241001,426315056,714124659,1022387031,1149380764,634431709,338701810,194184727,222050978,257786671,338447075,348080798,393291065,580795751,216633604,373913983,373792310,170471641
"우크라이나","폐수처리 및 자원재활용",27057,19405,16877,47304,92911,46714,81830,61014,99353,49339,12,0,459232,2325257,123822,34508,0,0,0,0,0
"이란","전산업",2141180291,2559312669,3265621432,4342555110,3991897434,4596720961,6068275858,6256524545,4480901930,4162242910,3730937781,3716566554,4021060772,2294784340,282001852,186342324,177469063,195461440,183314167,157623536,55651602
"이란","농림어업",2300,0,1008,1737,12886,121605,257667,4316010,207454,904726,913127,732149,588482,603843,1273500,66048,448297,81581,138434,127497,11300
"이란","광업",85695,66946,66513,169223,56862,344158,288704,101045,213586,287253,214476,185077,437903,128143,102455,97208,133200,122943,57231,133552,0
"이란","제조업",2140964032,2558843973,3264769974,4342144709,3991410492,4596111518,6067650891,6252043328,4480305393,4160668224,3729540794,3715618896,4019963501,2294037718,280603702,186175923,176873231,195256909,183118409,157362487,55640302
"이란","폐수처리 및 자원재활용",128264,401750,783937,239441,417194,143680,78596,64162,175497,382707,269384,30432,70886,14636,22195,3145,14335,7,93,-,-
"이스라엘","전산업",849778319,746127091,969774102,1010538518,725817934,1059431562,1817867193,1532297162,1464115617,1224845267,1179523291,1274743049,1268292813,1448112345,1426746516,1424646455,1824092635,2121809227,1913665821,1821086153,798553350
"이스라엘","농림어업",0,0,6222,3180,6860,90997,84735,92026,65287,108663,77174,70101,87951,104035,160028,123579,191961,260906,160665,135510,45677
"이스라엘","광업",386764,579514,903630,1260027,558993,198900,85179,1635,30936,52869,36579,35519,52334,51436,527901,30481,85537,85443,597231,563454,123860
"이스라엘","제조업",849157454,745316972,968579742,1009058903,725105613,1058773675,1817487026,1532003074,1463709952,1224422962,1179267610,1274346089,1267450433,1445409276,1424403882,1424330338,1823807705,2121460162,1912902493,1820384473,798383013
"이스라엘","폐수처리 및 자원재활용",234101,230605,284508,216408,146468,367990,210253,200427,309442,260773,141928,291340,702095,2547598,1654705,162057,7432,2716,5432,2716,800
"이집트","전산업",706794918,853226857,1166579316,1548323686,1528199452,2240439083,1726873970,1806969910,1534529262,2363828360,2178930907,1768981480,1324894256,1846769231,1573207413,1215173053,1681639929,1468077085,1334900604,1366405172,441367386
"이집트","농림어업",7606,8991,48255,154376,271619,433610,399089,686694,763692,1051644,972987,1663729,1870496,2011338,2255579,1171723,2061451,2608985,2061586,2300486,367000
"이집트","광업",345,2226,0,0,60,47,17960,10342,33843,757,137602,9675,29184,43102,13699,25402,45234,15472,13890,8844,235
"이집트","제조업",706600647,853158777,1166530731,1548157707,1527914414,2239953147,1726313292,1806225624,1533727703,2362774059,2177803392,1767308076,1322918919,1844653193,1570931252,1213968198,1679327619,1465425650,1332758037,1364095726,440975860
"이집트","폐수처리 및 자원재활용",186320,56863,330,11603,13359,52279,143629,47250,4024,1900,16926,0,75657,61598,6883,7730,205625,26978,67091,116,24291
"이탈리아","전산업",4296944705,4286258944,4151400502,3545580239,2797342198,3569134728,4107495086,3261663429,3125722004,3473075724,3531214215,3163432702,3757902982,4493007672,3773364659,3221111243,4597178783,5134155352,5015820735,4972126423,1526540133
"이탈리아","농림어업",212732,397875,901265,762720,1350548,618831,993168,1351800,1385673,677386,331199,658665,377359,333206,457432,529853,487723,1131436,967118,1279115,954965
"이탈리아","광업",187885,135001,40746,122893,600103,1571084,1469075,2590622,1569771,970139,4222696,927855,962674,666648,193672,73756,116061,241568,2028208,78297,319018
"이탈리아","제조업",4296095640,4284971628,4149759269,3543945986,2794799308,3565810674,4103488644,3255589808,3121805738,3470248989,3526524398,3161713641,3756554931,4491805808,3772616804,3220311687,4596554419,5132769423,5012005517,4970724456,1525234603
"이탈리아","폐수처리 및 자원재활용",448448,754440,699222,748640,592239,1134139,1544199,2131199,960822,1179210,135922,132541,8018,202010,96751,195947,20580,12925,819892,44555,31547
"인도","전산업",4597836936,5532796951,6600039271,8977063369,8013290490,11434595882,12654077898,11922036714,11375792016,12782490240,12029586750,11596285799,15055543115,15606220856,15096301606,11937316362,15603258144,18870070779,17949601984,18696052167,6269653122
"인도","농림어업",2271051,2365262,2080409,2702044,3556674,2761094,3927280,4372376,4716472,4861879,6271262,7684200,9179736,5979030,6456717,6842817,7456716,7701587,8284600,5525158,2778185
"인도","광업",28161180,12138378,18547515,37491715,3728827,9573504,20231262,16449659,15874489,11467368,7117654,8991089,14814778,9584382,6753158,4704521,2029928,5049433,3802551,3339322,3669230
"인도","제조업",4565170328,5502005798,6554630837,8896470320,7987761857,11342383591,12554409500,11854422954,11314752012,12700406777,11924726134,11508048081,14941768508,15496427329,14995290373,11850999613,15404039153,18739486268,17774430803,18536189339,6193924993
"인도","폐수처리 및 자원재활용",2234377,16287513,24780510,40399290,18243132,79877693,75509856,46791725,40449043,65754216,91471700,71562429,89780093,94230115,87801358,74769411,189732347,117833491,163084030,150998348,69280714
"인도네시아","전산업",5045582258,4873522777,5770618485,7933617077,5999880113,8897299143,13564497794,13955029555,11568177927,11360656311,7872404447,6608530322,8403680215,8833194925,7650050893,6312901249,8550335243,10215898789,9140239037,7948251110,2472362700
"인도네시아","농림어업",4193479,7398522,6737083,9727560,5345687,7791062,10704722,20851236,29624528,30913121,11126245,10911932,7183854,7526224,6425479,4478885,6218577,7895502,9289815,11505854,3563850
"인도네시아","광업",2792578,3353946,4459128,3551430,3572112,4223112,5020275,5706311,7363715,8472520,6151454,7090556,10158624,14270474,12804496,8079536,13839697,14992551,14431622,12297609,4913045
"인도네시아","제조업",5036673736,4861056614,5757440211,7915829002,5989792328,8880773703,13546810682,13927039294,11529512001,11316970583,7849582524,6587559363,8380032613,8801290093,7624897961,6292237156,8519158982,10190891772,9114343608,7921454543,2463481409
"인도네시아","폐수처리 및 자원재활용",1922465,1713695,1982063,4509085,1169986,4511266,1962115,1432714,1677683,4300087,5544224,2968471,6305124,10108134,5922957,8105672,11117987,2118964,2173992,2993104,404396
"일본","전산업",24027437891,26534015119,26370190640,28252470471,21770838702,28176281127,39679706337,38796057015,34662290154,32183787651,25576507244,24355036447,26816141117,30528580377,28420213397,25097651231,30061806488,30606277802,29000616246,29607165788,9106172973
"일본","농림어업",244915759,194451130,190120091,198406342,233279399,277829336,279793143,289122559,243796936,215046225,194868650,218428258,209827331,209607810,196128212,179400753,176176098,165879612,159308006,139313537,40232960
"일본","광업",26581068,67201305,52487723,65483951,35739649,73387746,97014912,99180234,72445222,90278137,56264527,49145079,46080983,63025516,48302056,35655933,113764886,69567956,77379954,117905234,50429495
"일본","제조업",23609841972,26048240507,25795945074,27697084192,21329796962,27494411785,39003319071,38223735645,34164529736,31649642551,25164633981,23942989831,26382685210,30061878386,28045859908,24796059317,29582786612,30144180284,28601023405,29187609171,8966347038
"일본","전기가스증기수도",-,-,-,-,-,-,-,-,-,-,-,-,1542,-,-,-,-,-,-,-,-
"일본","폐수처리 및 자원재활용",146099092,224122177,331637752,291495986,172022692,330652260,299579211,184018577,181518260,228820738,160740086,144473279,177546051,194068665,129923221,86535228,189078892,226649950,162904881,162337846,49163480
"중국","전산업",61914983289,69459178402,81985182735,91388899922,86703245287,116837833747,134185008617,134322564041,145869498252,145287701080,137123933997,124432941207,142119999512,162125055094,136202532975,132565444470,162912974235,155789388721,124817682502,133011386806,39659916417
"중국","농림어업",60254110,55766213,57685275,61579436,57660490,74393568,105112833,96866675,114946409,88445335,69400918,55862876,68274777,79361494,86665513,73379603,87129967,81177217,83405107,93375374,26933901
"중국","광업",36596156,39124121,76185579,133952763,56053584,104780276,222687716,182849999,147418689,179721096,245113646,144133947,241860500,377702919,385198099,474862579,1390396837,1866066997,1706131088,855177115,184986555
"중국","제조업",61481195315,68916834189,81307470086,90581929594,85995057141,116144003004,133303661688,133512160959,145252081562,144703310699,136558492237,124025491455,138270402418,158964716610,135604102511,131926686596,161225821790,153620125594,122801310633,131710900117,39321511348
"중국","전기가스증기수도",-,-,-,-,-,-,-,-,-,-,-,-,-,-,-,-,-,-,1800,-,-
"중국","폐수처리 및 자원재활용",336937708,447453879,543841795,611438129,594474072,514656899,553546380,530686408,355051592,316223950,250927196,207452929,3539461817,2703274071,126566852,90515692,209625641,222018913,226833874,351934200,126484613
"체코","전산업",338790767,564041829,966072299,828958870,771464981,1164700036,1712590849,1785529700,1682861691,1812359149,2040471506,2175831331,2211934130,2451643201,2114044300,2693679983,2953827197,3150394647,3116805104,3329579303,1218396713
"체코","농림어업",19079,26030,9444,23541,9025,29195,37011,61837,50259,88803,86348,54719,95924,146658,149513,174999,114091,282508,56276,130791,62665
"체코","광업",0,5640,787,519,7918,36954,11275,25959,545515,22297,20837,23276,9991,27675,65122,26865,33183,58979,17348,89957,31601
"체코","제조업",338770382,563926147,965993582,828898931,771310521,1164256147,1712274933,1785348223,1682263889,1811256880,2039474816,2175010840,2211153754,2451283133,2113654722,2693330097,2953444352,3149897378,3116520850,3329083020,1218165049
"체코","폐수처리 및 자원재활용",1306,84012,68486,35879,137517,377740,267630,93681,2028,991169,889505,742496,674461,185735,174943,148022,235571,155782,210630,275535,137398
"칠레","전산업",1151001105,1566130898,3115103288,3031842644,2229062039,2947053686,2381457431,2469336739,2458197822,2083323493,1742341800,1611306235,1530001543,1807483506,1214355762,866535817,1574181935,1510396889,1246374320,1480356392,538210837
"칠레","농림어업",19797,69947,98497,67771,141014,88036,147342,730162,202451,407082,109763,375511,186031,312249,343598,392038,584796,318487,279861,234319,36647
"칠레","광업",58,0,13,0,0,1337156,632957,255468,39054,31143,96510,61120,127862,172003,77725,59077,126515,232123,130681,149746,19066
"칠레","제조업",1150978777,1566058161,3114998670,3031717536,2228716567,2945544712,2380578395,2468224274,2457956317,2082885184,1742129860,1610869408,1529687389,1806999102,1213932366,866084129,1573469822,1509798136,1245892980,1479944147,538155124
"칠레","폐수처리 및 자원재활용",2473,2790,6108,57337,204458,83782,98737,126835,0,84,5667,196,261,152,2073,573,802,48143,70798,28180,0
"카메룬","전산업",13351534,11418255,24954401,44169028,32288160,48174658,70050258,54101344,43558487,47878763,30811167,23842682,27251614,47061287,22804109,32280626,97992843,225930235,62224979,33501200,7775373
"카메룬","농림어업",-,0,0,0,0,0,0,-,0,0,16147,8,21080,0,0,0,53,0,1,84,-
"카메룬","광업",0,0,0,0,0,0,0,0,0,0,0,8350,19038,0,0,0,7600,0,0,0,0
"카메룬","제조업",13341460,11418255,24950401,44169028,32288160,48174658,70050258,54101344,43558487,47878763,30795020,23834324,27205796,47061121,22804109,32280626,97985190,225930235,62224978,33501116,7775373
"카메룬","폐수처리 및 자원재활용",10074,-,4000,0,0,0,0,-,-,-,0,-,5700,166,0,-,0,0,0,0,0
"카타르","전산업",521266042,760140579,1163468020,1901539692,1309887145,472665653,469004215,729926385,852067630,904485824,674062381,535701937,435462325,525977570,357290292,339096799,420151993,526565021,764248930,1490930106,287962213
"카타르","농림어업",3971,10652,14458,28746,54515,28501,12625,15795,15627,25458,35041,49824,36865,49805,23638,83542,36567,37643,94980,123147,68072
"카타르","광업",3360,5524,0,0,0,8677,53841,27023,13674,1574,4083,2062,1459,4265,668,6501,11700,1526,19090,7474,15
"카타르","제조업",521258236,760124403,1163453562,1901510946,1309832630,472628475,468934473,729883567,852034580,904455936,673832798,535647148,435420015,525917286,357220231,338961545,420103703,526525852,764134790,1490799485,287894126
"카타르","폐수처리 및 자원재활용",475,-,-,0,0,0,3276,0,3749,2856,190459,2903,3986,6214,45755,45211,23,0,70,0,0
"캐나다","전산업",3446220243,3620405334,3506423104,4057233567,3439569845,4101863820,4927656128,4828115968,5202855196,4916629388,4623244375,4884917217,4717661470,5743231412,5567589444,5463996412,6714456925,7839260692,8434491158,10351506013,3337823098
"캐나다","농림어업",4671312,2951825,4069290,4260147,6499465,6435609,8568590,10165433,11758587,13475508,11116802,11600241,13118267,15582224,15704194,15697446,14887674,11746619,14837035,15025895,2675734
"캐나다","광업",127817,73474,63073,191504,519259,649068,531394,844952,974997,1234080,574773,483741,346368,544113,678124,726564,901014,844401,817412,660613,111339
"캐나다","제조업",3440951224,3617074348,3501927776,4052434965,3432240319,4094525671,4918297972,4816846970,5190051056,4901801827,4611532972,4872773543,4704082172,5726963757,5551063783,5447518939,6698658806,7826505120,8418449102,10335661829,3334596307
"캐나다","폐수처리 및 자원재활용",469890,305687,362965,346951,310802,253472,258172,258613,70556,117973,19828,59692,114663,141318,143343,53463,9431,164552,387609,157676,439718
"케냐","전산업",71038885,204857732,136741656,156363761,164652827,232687416,214946721,262966044,258047096,344519621,256531248,162321838,204940293,239590640,151121666,220227766,258419285,456604344,269981297,173142079,64628443
"케냐","농림어업",10500,0,16,291,1666,0,8284,0,8000,30118,35597,33895,3474,69333,68315,125196,147512,241369,403996,332246,139420
"케냐","광업",8756,-,2366,1954,12326,20881,10914,41602,14218,27582,7926,5460,7109,159,11684,199,8094,50125,127065,49746,32120
"케냐","제조업",71019629,204709534,136521714,156220384,164599184,232666535,214927523,262924442,258024878,344461921,256487725,162282483,204929710,239521148,151041667,220102371,258263679,456312850,269170727,172748087,64456903
"케냐","폐수처리 및 자원재활용",0,148198,217560,141132,39651,0,0,0,0,0,0,0,0,0,0,0,0,0,279509,12000,0
"코스타리카","전산업",164031505,236779861,245912952,256409665,120530587,197326018,319724746,337291137,232059045,242541201,245304791,217163048,168427511,134920255,119380723,111118571,191258001,213197446,281850028,251297770,88142999
"코스타리카","농림어업",2499,163358,21065,111144,0,0,0,411,4823,50,0,0,0,0,1000,0,34849,44976,50766,18961,38028
"코스타리카","광업",-,-,-,-,0,-,2984,0,-,-,24680,62450,50970,53290,54850,35700,54900,106440,105180,61648,120946
"코스타리카","제조업",164029006,236616503,245891887,256298521,120530587,197326018,319721762,337290726,232054222,242541151,245280111,217100598,168376541,134866965,119324873,111082871,191168252,213046030,281694082,251217161,87984025
"코스타리카","폐수처리 및 자원재활용",0,0,0,0,0,0,0,0,0,0,0,0,0,0,0,0,0,0,0,0,0
"콜롬비아","전산업",623600982,912900345,1120657280,1090758557,797028557,1388552561,1613983641,1467700873,1342312289,1509399371,1128951180,853196414,813717836,1011626209,1143074597,593417972,898174310,939761156,773877828,937502311,365540801
"콜롬비아","농림어업",0,38974,0,496,1650,3697,22797,62800,65757,64595,2002602,711012,371932,168540,104390,56078,147978,56522,75946,144705,28955
"콜롬비아","광업",3878,3728,0,0,40,9414,0,0,5725,11248,3300,4501,7693,2782,680,214,0,170,15060,17460,0
"콜롬비아","제조업",623590067,912842447,1120646760,1090591685,796885289,1388445532,1613914710,1467574715,1342239572,1509323528,1126944911,852480901,813338201,1011454399,1142967724,593354571,898024114,939703386,773785260,937340146,365511846
"콜롬비아","폐수처리 및 자원재활용",7037,15196,10520,166376,141578,93918,46134,63358,1235,0,367,0,10,488,1803,7109,2218,1078,1562,0,0
"쿠웨이트","전산업",458075398,669622641,1305750392,744245158,744108250,1048482382,1431969710,1584163572,1132895425,1975871116,924699392,1405815992,1162575099,1252986473,956031817,660349057,348910838,401509583,558443132,431195159,196995491
"쿠웨이트","농림어업",86467,29735,6144,9887,13832,11748,4393,2500,39314,50693,70542,150120,103015,137813,83866,92955,49130,75897,104323,107443,40912
"쿠웨이트","광업",0,45859,0,90974,399,20901,68785,14893,133,20754,10329,29040,7878,236511,117717,2195,35848,19141,660,17179,7179
"쿠웨이트","제조업",457984488,669547047,1305744248,744134657,744092835,1048449733,1431873853,1584146179,1132852878,1975719610,924554519,1405495060,1162300689,1252604380,955733373,660253907,348823572,401414350,558338149,431069877,196947400
"쿠웨이트","폐수처리 및 자원재활용",4443,0,0,9640,1184,0,22679,0,3100,80059,64002,141772,163517,7769,96861,0,2288,195,0,660,0
"태국","전산업",3380803835,4246112898,4488400396,5779103689,4528169247,6459776012,8458965997,8221082479,8071655894,7599141895,6361610072,6481530812,7467041213,8504994497,7804095419,6852684333,8524224312,8584166214,7548179023,7678229493,2648647973
"태국","농림어업",1686128,1587358,1260305,1579793,1592707,2037024,2446055,4587741,5880065,6659745,6646859,9226545,11036564,10567863,11862467,13036826,14543955,15734981,19263250,21141111,13536870
"태국","광업",532636,464551,791462,1182609,1148708,948070,5877102,9637068,3018695,6726874,3717306,3747446,4504020,10901694,9430000,8776108,18059779,21500638,13767263,14811303,3931432
"태국","제조업",3376568041,4241383526,4483676101,5773687062,4522987905,6452137705,8444426742,8200900875,8060760361,7574076248,6338086001,6460736613,7437157173,8471281768,7773146683,6816151994,8468174769,8520871655,7478336668,7608244142,2621890246
"태국","폐수처리 및 자원재활용",2017030,2677463,2672528,2654225,2439927,4653213,6216098,5956795,1996773,11679028,13159906,7820208,14343456,12243172,9656269,14719405,23445809,26058940,36811842,34032937,9289425
"터키","전산업",2782024513,3035803287,4087436229,3772570419,2660688109,3752906227,5070997002,4551618436,5657826202,6664732032,6249318775,5385010407,6154872138,5980358078,5297808210,5544536807,7025977894,7722957339,8988418750,9008842527,3205604508
"터키","농림어업",409696,355121,74369,181131,263007,179584,442227,365849,1584594,561256,362970,537479,724427,531908,593038,789091,1052458,408207,1356763,1708950,168132
"터키","광업",150950,273943,477263,797397,272081,481887,394966,626851,660609,903183,353091,427022,391316,423250,303785,300812,533365,714673,541572,412312,162288
"터키","제조업",2780403209,3034265277,4086611424,3771258439,2659823207,3750898597,5069062687,4548879215,5655317671,6662832684,6248505125,5383856848,6153652657,5979182766,5296626745,5542789431,7023603741,7721258122,8985209749,9006506096,3205238438
"터키","폐수처리 및 자원재활용",1060658,908946,273173,333452,329814,1346159,1097122,1746521,263328,434909,97589,189058,103738,220154,284642,657473,788330,576337,1310666,215169,35650
"튀니지","전산업",80354721,79858176,101440282,136954248,126825333,344789091,185609960,423350679,167113530,207869889,183660261,152998801,134542394,154155611,181128734,155486118,219285266,143303167,140297934,138968840,45915318
"튀니지","농림어업",82263,37530,38456,84,26,4596,6263,11096,75308,331554,374862,232689,308910,512553,636424,862373,348243,582300,657557,707394,268
"튀니지","광업",-,-,2563,-,48,0,-,1030,-,17309,16735,37,0,0,-,0,-,0,0,-,0
"튀니지","제조업",80272458,79820646,101393313,136944219,126805414,344755755,185581627,423324663,166990285,207521026,183268664,152766075,134233484,153643058,180492310,154623453,218937023,142720867,139640377,138261446,45915050
"튀니지","폐수처리 및 자원재활용",0,-,5950,9945,19845,28740,22070,13890,47937,0,0,0,0,0,0,292,0,0,0,0,0
"파나마","전산업",1622650745,2226691053,3145005730,6463702858,4476617369,4053508827,3798253079,3977303336,3484594285,2764664150,2230250014,1440986892,1642049613,2007502100,1713356748,1369394840,1570171188,1170475188,1087489259,1457326767,368060442
"파나마","농림어업",9085,0,-,-,17181,150,-,47364,2650,90,1831,1100,9579,1965,2100,2209,4682,6813,5754,46442,1717
"파나마","광업",-,-,0,0,14310,0,50,0,-,-,-,-,2231,98,0,183,566,334,2319,3664,-
"파나마","제조업",1622641660,2226691053,3145005730,6463701550,4476538471,4053486696,3798231937,3977236173,3484584458,2764664060,2230248183,1440985792,1642037546,2007497642,1713337686,1369385684,1570162776,1170462962,1087475863,1457274592,368058629
"파나마","폐수처리 및 자원재활용",0,0,0,1308,47407,21981,21092,19799,7177,0,0,0,257,2395,16962,6764,3164,5079,5323,2069,96
"파키스탄","전산업",661876216,673153163,678114679,839567906,729813929,780870886,818095670,847195143,818990460,769963253,790066789,828672482,1006764208,1018000946,832713282,1073230442,1545936376,1199469665,918504083,983875229,434954110
"파키스탄","농림어업",430459,477832,690734,665134,724964,1320558,1039158,1170947,1069300,1308616,1538805,1738398,1753342,1962394,2209686,3111352,3947913,3020311,2905690,3122873,795668
"파키스탄","광업",116971,144235,235456,339677,173209,314049,322500,325346,426466,442754,488441,527072,629378,559906,411924,318575,360587,424895,260292,272535,139868
"파키스탄","제조업",660704200,672049061,676073498,834074823,725114684,777500127,813091663,843451048,815621146,766629983,783291283,823434752,1003681989,1015179033,826895218,1066569832,1539580844,1194909037,913466795,977397097,431691401
"파키스탄","폐수처리 및 자원재활용",624586,482035,1114991,4488272,3801072,1736152,3642349,2247802,1873548,1581900,4748260,2972260,699499,299613,3196454,3230683,2047032,1115422,1871306,3082724,2327173
"포르투갈","전산업",380515561,379759863,414133072,410891985,430795326,1110094035,713258276,276283118,334103855,493240200,525894271,435994997,458723310,579368050,504686082,669355209,744393405,705325279,1098966589,1301770212,311269896
"포르투갈","농림어업",39358,82059,13783,38506,7037,5097,10190,11154,10717,9982,162551,66252,28079,29787,19177,16211,10168,5135,5021,6330,2923
"포르투갈","광업",0,0,0,2399,2865,0,0,41014,0,0,0,7321,1715,12107,20584,1045,6144,7293,13790,21665,760
"포르투갈","제조업",380467557,379643714,414070558,410813801,430762982,1110060059,713207807,276195638,334072794,493214836,525731720,435921422,458693360,579326156,504645014,669335622,744376206,705051293,1097895193,1300131261,311266213
"포르투갈","폐수처리 및 자원재활용",8646,34090,48731,37279,22442,28879,40279,35312,20344,15382,0,2,156,0,1307,2331,887,261558,1052585,1610956,0
"폴란드","전산업",1174964306,2613333910,3508774737,4116764476,4146741314,4381010968,4100788435,3677296625,3600728511,3849508508,2807488184,2912120404,3116364000,4333706571,5314954984,5639354397,6595821993,7858159163,9021926048,8910290031,3326176720
"폴란드","농림어업",32896,18822,56043,119763,74751,84633,71908,80719,92655,88771,107139,165571,391962,267984,155511,340996,291846,53393,331339,89322,59489
"폴란드","광업",9409,16414,0,8160,137,0,510,65103,234551,176263,182999,439482,2479947,42744,48730,41744,100829,158527,182572,8956,34088
"폴란드","제조업",1170213037,2609945019,3506238510,4113475180,4144667472,4379838781,4086399159,3675387899,3599880552,3849017269,2807094211,2911367128,3113165841,4332675971,5313675730,5636335510,6593054522,7855559691,9019128023,8909236821,3326017034
"폴란드","폐수처리 및 자원재활용",4708964,3353655,2480184,3161373,1998954,1087554,14316858,1762904,520753,226205,103835,148223,326250,719872,1075013,2636147,2374796,2387552,2284114,954932,66109
"프랑스","전산업",3172312897,3415467346,3478204331,3495521131,2910564502,3004291170,5707387715,2598778577,3487969915,2639283135,2581264887,2468056848,2994673232,3540795779,3317471593,2983067034,4561345214,5254910426,5510047321,5524407294,1691958736
"프랑스","농림어업",234195,159133,305188,650130,500293,565598,610785,461668,864096,528656,786160,1176262,899715,617576,892279,994141,4316994,724667,2061787,707525,265205
"프랑스","광업",190,330591,5268,27469,37770,50749,24456,36755,40460,33952,18429,49902,50083,4486678,15501920,39990,203508,2189015,265651,219890,38324
"프랑스","제조업",3170465558,3413699914,3476357955,3492509667,2908727868,3002038056,5705533307,2597426133,3486266020,2637708450,2580377197,2466586429,2993716184,3535249496,3301052483,2982001220,4556761724,5234890332,5507674943,5523432513,1691653649
"프랑스","폐수처리 및 자원재활용",1612954,1277708,1535920,2333865,1298571,1636767,1219167,854021,799339,1012077,83101,244255,7250,442029,24911,31683,62988,17106412,44940,47366,1558
"핀란드","전산업",2011897788,1897375317,1293050293,2330023755,558704912,571052246,766346262,744569351,352252754,340264333,309258256,329633545,297219872,331520084,308176568,282653363,530878518,315679794,396134160,467860214,146650138
"핀란드","농림어업",0,0,0,0,1639,0,1000,1200,1400,2988,1430,0,0,400,168,246,0,17827,6929,13310,11
"핀란드","광업",15036,12207,14625,24920,0,9603,3120,11110,3314,6240,6272,3494,0,0,0,2374251,0,7066,1488,5400,16000
"핀란드","제조업",2011569725,1897151711,1292747290,2329485012,558541508,570367998,765592696,744448298,352247998,340255105,309247497,329630051,297219872,331519684,308132266,280278293,530878476,315654691,396125743,467841504,146634127
"핀란드","폐수처리 및 자원재활용",313027,211399,288378,513823,161765,674645,749446,108743,42,0,3057,0,0,0,44134,573,42,210,0,0,-
"필리핀","전산업",3219714168,3930517209,4420333842,5016254965,4567278184,5837982499,7338901812,8210713996,8783426866,10032488962,8317924997,7278419617,10593712925,12037254023,8365339508,7126436758,9659072238,12306078194,9008624048,10246721194,3406149680
"필리핀","농림어업",1217491,369110,513656,602928,714245,1589894,1877959,2477642,4761192,3788639,2818151,2655609,2545061,2963381,3921020,4860309,5451095,8058682,7066617,7439705,2281801
"필리핀","광업",855098,1201217,1233813,3997225,2619873,2855555,27621457,7162903,8213481,10909785,12245865,9968589,11331261,11227678,10413581,9184361,12948157,19003495,10589110,8959420,3622636
"필리핀","제조업",3206426868,3908773778,4406417547,5003109539,4550844039,5820794239,7294526346,8190738300,8760699329,10009724439,8297360323,7262544525,10578812043,12021788514,8348844475,7111410161,9639305798,12278325034,8989916056,10226486835,3398754417
"필리핀","폐수처리 및 자원재활용",11214711,20173104,12168826,8545273,13100027,12742811,14876050,10335151,9752864,8066099,5500658,3250894,1024560,1274450,2160432,981927,1367188,690983,1052265,3835234,1490826
"헝가리","전산업",1099235304,1200796897,1889666772,1512739259,1704374340,2385414573,1475562007,1157486665,2113809751,1481304583,1016490715,953199220,1206082928,1966932283,2477567388,2926395408,4051511537,6162873169,6787435544,5179973226,1378015183
"헝가리","농림어업",0,1503,49,0,0,0,200,3768,5861,15977,18730,12001,43105,48735,3337,28527,26009,95663,44060,34694,2059
"헝가리","광업",0,0,6718,86034,36069,33070,172098,177357,160085,73040,286027,1039411,391064,670271,718114,1004052,849533,353095,236780,102630,73660
"헝가리","제조업",1098810474,1200606143,1889448742,1512324459,1704275673,2385377059,1475353614,1157304545,2113640054,1481213470,1016184939,952146252,1205621751,1966144927,2476779942,2925213056,4050555778,6162284003,6787130909,5179835902,1377933465
"헝가리","폐수처리 및 자원재활용",424830,189251,211263,328766,62598,4444,36095,995,3751,2096,1019,1556,27008,68350,65995,149773,80217,140408,23795,0,5999
"호주","전산업",3812063141,4692086227,4691191478,5171339249,5243143608,6641623980,8163845114,9250484887,9563089729,10282511947,10830634932,7500742815,19861647346,9610424628,7890566358,6188528445,9750478444,18753025481,17791354119,15597944571,4124055305
"호주","농림어업",596852,694963,1009771,2487431,2896024,4880363,5064898,7004742,6927219,6694612,7457813,7703901,8743928,10010236,11532127,11016573,12077744,13235088,11669864,11608262,3526638
"호주","광업",170913,12887238,314775,219664,174575,292410,710417,8609424,541407,1284585,1975888,706315,491603,797366,1396900,15422918,30091043,32216651,14261516,5265402,10606802
"호주","제조업",3811133401,4677903779,4689753303,5168403813,5239868036,6636280129,8157891405,9234633994,9555578514,10274506188,10820626224,7492028907,19851605542,9599571600,7877332460,6161743712,9707292869,18707263513,17764727304,15580347977,4109742110
"호주","폐수처리 및 자원재활용",161975,600247,113629,228341,204973,171078,178394,236727,42589,26562,575007,303692,806273,45426,304871,345242,1016788,310229,695435,722930,179755
"홍콩","전산업",15531092181,18978862735,18654450501,19771871660,19661055305,25294346239,30968404661,32606188713,27756308307,27256402067,30418178357,32782449025,39112280605,45996440875,31912875947,30653789865,37467076424,27651186008,25193553694,35021610776,8774895195
"홍콩","농림어업",25937781,25326045,25974796,37078461,41859285,48078214,52481613,42790239,64874326,66514186,58234620,42001344,48776407,55157307,54481958,57221751,63972860,52799952,60332374,41873390,13596094
"홍콩","광업",4824121,5588143,6956272,8218270,6197015,4430337,5061172,3288986,3546995,3971803,1915412,2384820,2423942,5763900,3798120,5256117,7172314,11551664,12324337,11602070,2653177
"홍콩","제조업",15439659237,18856186888,18555932648,19650148503,19557567105,25207275142,30889807044,32537558752,27657801645,27140537320,30318775635,32709072334,39031291095,45900495175,31832846967,30569103346,37368103621,27560522009,25107046190,34964033505,8755806142
"홍콩","전기가스증기수도",-,-,-,-,0,-,-,-,-,-,-,-,-,-,-,-,-,-,-,-,-
"홍콩","폐수처리 및 자원재활용",60671042,91761659,65586785,76426426,55431900,34562546,21054832,22550736,30085341,45378758,39252690,28990527,29789161,35024493,21748902,22208651,27827629,26312383,13850793,4101811,2839782
