date,y_spd,manu_ratio,bsi_inv_l,employ_l,durable_l,dubai_l
2003-02-01,0.41999999999999993,0.25415473700482316,4.590056548178043,4.087655574071304,3.616308761279101,3.407841924380824
2003-03-01,0.41999999999999993,0.24287696579960327,4.553876891600541,4.085976312551584,3.594568774642695,3.314913013065143
2003-04-01,0.4300000000000006,0.21591885146659529,4.48863636973214,4.0809215418899605,3.591817741270805,3.159550358783386
2003-05-01,0.41000000000000014,0.21743519828292301,4.51085950651685,4.0809215418899605,3.580737295494233,3.1912990570979662
2003-06-01,0.3899999999999997,0.23624177122814816,4.483002552013883,4.0809215418899605,3.5409593240373143,3.245322994883049
2003-07-01,0.5800000000000001,0.19088429122583062,4.483002552013883,4.084294226368599,3.543853682063679,3.2857865301508276
2003-08-01,0.6399999999999997,0.22835210228300928,4.4942386252808095,4.08260930600368,3.5667118201397288,3.327550841493857
2003-09-01,0.5199999999999996,0.26819580283943223,4.51085950651685,4.0809215418899605,3.6000482404073204,3.2308043957334744
2003-10-01,0.5899999999999999,0.30086419247548424,4.51085950651685,4.084294226368599,3.5779478934066544,3.306520334720247
2003-11-01,0.5800000000000001,0.30010542969114384,4.505349850705881,4.084294226368599,3.55820113047182,3.3105430133940246
2003-12-01,0.5599999999999996,0.3118401535276658,4.532599493153256,4.089332020398556,3.502549875922443,3.331489969237335
2004-01-01,0.54,0.3263702891963862,4.579852378003801,4.097672352314776,3.6270040503958487,3.369362658142137
2004-02-01,0.5999999999999996,0.30992804132312424,4.56954300834494,4.102643365036796,3.5779478934066544,3.3614165116503107
2004-03-01,0.6799999999999997,0.29308590383298005,4.5591262474866845,4.100989104940769,3.5524868292083815,3.4196919642983197
2004-04-01,0.71,0.3170586241148441,4.56954300834494,4.097672352314776,3.591817741270805,3.4541060373175574
2004-05-01,0.7700000000000005,0.3119422875912359,4.574710978503383,4.091005660956586,3.563882963939251,3.548179572010801
2004-06-01,0.7299999999999995,0.28530275679849737,4.5591262474866845,4.092676505121403,3.580737295494233,3.5136328109919437
2004-07-01,0.6899999999999995,0.2773092079710686,4.5591262474866845,4.089332020398556,3.6082115510464816,3.5564902660681907
2004-08-01,0.5100000000000002,0.2739512909459232,4.56954300834494,4.085976312551584,3.6054978451748854,3.653511310276145
2004-09-01,0.5499999999999998,0.29358410760829123,4.564348191467836,4.096009841541162,3.6270040503958487,3.582963228522387
2004-10-01,0.5099999999999998,0.30039611794844046,4.56954300834494,4.096009841541162,3.653252276470785,3.6430972614588084
2004-11-01,0.54,0.29099704724256936,4.543294782270004,4.092676505121403,3.6270040503958487,3.5473158897921495
2004-12-01,0.5700000000000003,0.2519989836252803,4.543294782270004,4.09933210373314,3.632309102625542,3.5304697173662944
2005-01-01,0.77,0.2831295743770168,4.537961436294641,4.0943445622221,3.58351893845611,3.6459719531026598
2005-02-01,0.6899999999999995,0.2592578582867149,4.548599834499697,4.0943445622221,3.572345637857985,3.6805952345262387
2005-03-01,0.7299999999999995,0.26912505315375324,4.579852378003801,4.097672352314776,3.580737295494233,3.830379016387636
2005-04-01,0.8300000000000005,0.2368706776867464,4.59511985013459,4.092676505121403,3.6082115510464816,3.8522730010223722
2005-05-01,0.71,0.23327316202926918,4.584967478670572,4.092676505121403,3.6109179126442243,3.808216836702557
2005-06-01,0.6699999999999999,0.279231773511901,4.5591262474866845,4.092676505121403,3.6109179126442243,3.933784497209659
2005-07-01,0.7699999999999996,0.27374923908466586,4.579852378003801,4.091005660956586,3.673765816303888,3.9699144838439238
2005-08-01,0.75,0.2997202604796283,4.574710978503383,4.089332020398556,3.6428355156125294,4.04006435530903
2005-09-01,0.6300000000000008,0.2757412275320168,4.590056548178043,4.089332020398556,3.624340932976365,4.0418224429629905
2005-10-01,0.5500000000000007,0.301972833061098,4.590056548178043,4.091005660956586,3.6506582412937387,3.9811758641164627
2005-11-01,0.5800000000000001,0.33848044649121833,4.600157644164547,4.092676505121403,3.7013019741124933,3.9396381724611196
2005-12-01,0.54,0.3094830344613615,4.605170185988092,4.092676505121403,3.758871825933971,3.974809993526911
2006-01-01,0.5600000000000005,0.33499627492839634,4.605170185988092,4.097672352314776,3.6988297849671046,4.0683427596831
2006-02-01,0.41000000000000014,0.2732741100396283,4.605170185988092,4.096009841541162,3.716008121502189,4.048998460455224
2006-03-01,0.4900000000000002,0.26072084153576247,4.605170185988092,4.096009841541162,3.7062280924485496,4.068171687918078
2006-04-01,0.5,0.25068505741711,4.605170185988092,4.0943445622221,3.711130063048756,4.167285186623816
2006-05-01,0.41999999999999993,0.26339595541059424,4.61512051684126,4.0943445622221,3.7184382563554808,4.178992036282385
2006-06-01,0.3600000000000003,0.24586868494329117,4.584967478670572,4.0943445622221,3.7232808808312687,4.176845783733844
2006-07-01,0.27000000000000046,0.19477221205938378,4.59511985013459,4.092676505121403,3.6454498961866,4.234251421632511
2006-08-01,0.17000000000000082,0.27524083252638665,4.590056548178043,4.092676505121403,3.735285826928092,4.230476736546681
2006-09-01,0.1999999999999993,0.2798175689803868,4.590056548178043,4.092676505121403,3.7819143200811256,4.087823345231835
2006-10-01,0.16999999999999993,0.3146767448042498,4.590056548178043,4.092676505121403,3.7887247890836524,4.0314047624482265
2006-11-01,0.1900000000000004,0.30653512284373363,4.574710978503383,4.096009841541162,3.7887247890836524,4.04006435530903
2006-12-01,0.1299999999999999,0.2754860565054118,4.579852378003801,4.097672352314776,3.966511190712216,4.067487108052218
2007-01-01,0.07000000000000028,0.2550339368280232,4.590056548178043,4.09933210373314,3.8133070324889884,3.9481620520440193
2007-02-01,0.09999999999999964,0.27517407824815354,4.579852378003801,4.09933210373314,3.835141961092188,4.023206534388761
2007-03-01,0.15000000000000036,0.2635131580935921,4.574710978503383,4.09933210373314,3.828641396489095,4.077706921069077
2007-04-01,0.1299999999999999,0.2849145735489129,4.574710978503383,4.097672352314776,3.8044377947482086,4.1568497675734974
2007-05-01,0.1200000000000001,0.29115850471254934,4.61512051684126,4.096009841541162,3.828641396489095,4.166355098198373
2007-06-01,0.2400000000000002,0.27146310804108964,4.620058798481842,4.096009841541162,3.8110970868381857,4.192831508936755
2007-07-01,0.16999999999999993,0.3060943668204059,4.61512051684126,4.096009841541162,3.8088822465086327,4.250208060053033
2007-08-01,0.13999999999999968,0.29643602478693776,4.605170185988092,4.0943445622221,3.835141961092188,4.209754413732928
2007-09-01,0.1299999999999999,0.2995584030771097,4.600157644164547,4.0943445622221,3.8308129500026027,4.296604902619887
2007-10-01,0.13999999999999968,0.32495357223817667,4.61512051684126,4.0943445622221,3.8022081394209395,4.355939299910563
2007-11-01,0.07000000000000028,0.3425440085460334,4.600157644164547,4.096009841541162,3.8155121050473024,4.459797532972339
2007-12-01,-0.0699999999999994,0.3234805258310889,4.605170185988092,4.096009841541162,3.832979798087693,4.457365991219697
2008-01-01,0.11999999999999922,0.31373494712257166,4.620058798481842,4.097672352314776,3.885679030088544,4.46843366241462
2008-02-01,0.22000000000000064,0.2753875817809073,4.59511985013459,4.096009841541162,3.8501476017100584,4.5005871457956514
2008-03-01,0.20999999999999996,0.2882070683244491,4.61015772749913,4.0943445622221,3.92395157629342,4.568194949863196
2008-04-01,0.1899999999999995,0.2669947017608374,4.61015772749913,4.0943445622221,3.919991175077323,4.6430438384161725
2008-05-01,0.21999999999999975,0.23760650446606757,4.624972813284271,4.092676505121403,3.893859034800475,4.781808959646548
2008-06-01,0.1899999999999995,0.18385284820945724,4.634728988229636,4.091005660956586,3.7954891891721947,4.853747538559111
2008-07-01,0.07000000000000028,0.2157294599576316,4.61015772749913,4.091005660956586,3.8416005411316,4.868149645799501
2008-08-01,0.14000000000000057,0.19499016920363665,4.584967478670572,4.087655574071304,3.7977338590260183,4.724019319826472
2008-09-01,0.1800000000000006,0.17668591273242473,4.59511985013459,4.085976312551584,3.763522997109702,4.567260612914871
2008-10-01,0.4400000000000004,0.14577543210251864,4.564348191467836,4.085976312551584,3.768152635008444,4.212720014957422
2008-11-01,0.7600000000000007,0.06743184959911819,4.5217885770490405,4.085976312551584,3.6454498961866,3.910021002757473
2008-12-01,0.8999999999999999,0.049014689350647345,4.448516375942715,4.08260930600368,3.6635616461296463,3.674273301724574
2009-01-01,0.98,0.09123943072744023,4.343805421853684,4.079230924412053,3.7232808808312687,3.7784916128036232
2009-02-01,1.4600000000000004,0.17780218272199555,4.382026634673881,4.075841090657541,3.775057150354989,3.7407600759909254
2009-03-01,1.2799999999999998,0.2196950342060564,4.3694478524670215,4.072439726834051,3.754198920234579,3.8008679560619836
2009-04-01,1.1400000000000006,0.279005487305092,4.418840607796598,4.072439726834051,3.7932394694381792,3.888754378488792
2009-05-01,1.2199999999999998,0.30808740241175236,4.460144413937834,4.069026754237811,3.9589065913269965,4.048824046920291
2009-06-01,1.17,0.35327593880868324,4.4942386252808095,4.07753744390572,3.9889840465642745,4.217299386280878
2009-07-01,1.0899999999999999,0.373660231508965,4.52720864451838,4.072439726834051,3.824284091120139,4.182355439544814
2009-08-01,1.0200000000000005,0.34665166882848286,4.56954300834494,4.074141854904581,3.8088822465086327,4.27332721775054
2009-09-01,0.9799999999999995,0.36512526215547325,4.537961436294641,4.075841090657541,3.9396381724611196,4.212868064406208
2009-10-01,0.9800000000000004,0.36586983667410333,4.584967478670572,4.074141854904581,3.9945242269398897,4.29346860769209
2009-11-01,1.0699999999999994,0.37054795460115475,4.543294782270004,4.072439726834051,3.977810745966149,4.345232973844869
2009-12-01,1.0699999999999994,0.37296115419100495,4.5591262474866845,4.069026754237811,4.023564380161053,4.3129444734864375
2010-01-01,1.0599999999999996,0.3035484308856695,4.61512051684126,4.065602093356446,4.021773869387265,4.3342796761761475
2010-02-01,1.1099999999999994,0.27786037490132465,4.620058798481842,4.067315889834181,4.048300623720694,4.300409772001559
2010-03-01,0.98,0.3057608416778024,4.629862798578463,4.070734696582967,4.000033882750859,4.358758007734528
2010-04-01,1.1400000000000001,0.30720194175555005,4.639571612705423,4.07753744390572,3.970291913552122,4.422208424306714
2010-05-01,1.25,0.32053984780995215,4.639571612705423,4.0809215418899605,3.9945242269398897,4.332442405318121
2010-06-01,1.1799999999999997,0.33148226811555137,4.663439094112067,4.079230924412053,4.005513348515485,4.307303088477945
2010-07-01,1.0300000000000002,0.3241685713712279,4.658710952916121,4.0809215418899605,4.0163830207523885,4.2916915584923006
2010-08-01,0.9499999999999997,0.31390290860233616,4.653960350157523,4.07753744390572,4.039536325727106,4.311335894051113
2010-09-01,0.8000000000000003,0.29905520755172343,4.66814498514948,4.074141854904581,4.092676505121403,4.328230210068212
2010-10-01,0.8700000000000001,0.29335058990036345,4.658710952916121,4.075841090657541,4.084294226368599,4.387511564904451
2010-11-01,1.0800000000000005,0.3123177633663623,4.634728988229636,4.074141854904581,4.084294226368599,4.424367475163407
2010-12-01,1.21,0.2973632807512452,4.6443908991413725,4.07753744390572,4.0943445622221,4.49121730591206
2011-01-01,0.9800000000000004,0.3572571233973214,4.653960350157523,4.069026754237811,4.146304301152812,4.529368472571809
2011-02-01,0.8199999999999998,0.32592658875005664,4.639571612705423,4.07753744390572,4.096009841541162,4.601764392853259
2011-03-01,0.7699999999999996,0.31387913218928887,4.663439094112067,4.0809215418899605,4.123903364463645,4.682501528924415
2011-04-01,0.7400000000000002,0.2881420871228606,4.624972813284271,4.08260930600368,4.11414718951828,4.752037261797644
2011-05-01,0.6799999999999997,0.27999873862319724,4.6491870714048655,4.085976312551584,4.143134726391533,4.684258592307055
2011-06-01,0.5900000000000003,0.2608199594617133,4.629862798578463,4.087655574071304,4.147885329150131,4.676839472678451
2011-07-01,0.4600000000000004,0.2647121607498839,4.6443908991413725,4.084294226368599,4.131961425793407,4.709079649378603
2011-08-01,0.3900000000000001,0.2589378122333734,4.6443908991413725,4.085976312551584,4.12552017969055,4.6531028397433944
2011-09-01,0.2999999999999998,0.2429856938375874,4.620058798481842,4.074141854904581,4.157319361383489,4.651099117876491
2011-10-01,0.3899999999999997,0.22397028704547495,4.600157644164547,4.085976312551584,4.102643365036796,4.640730361386642
2011-11-01,0.4099999999999997,0.19715562027845213,4.574710978503383,4.084294226368599,4.133565275375382,4.6709579265260945
2011-12-01,0.4500000000000002,0.16380310237263895,4.574710978503383,4.084294226368599,4.117409835153096,4.648133885420207
2012-01-01,0.4299999999999997,0.240133826840629,4.56954300834494,4.0809215418899605,4.189654742026425,4.687671407499835
2012-02-01,0.3799999999999999,0.23816388512105569,4.584967478670572,4.084294226368599,4.120661870539474,4.759435144999521
2012-03-01,0.40000000000000036,0.20389324902384143,4.59511985013459,4.087655574071304,4.123903364463645,4.808927023502111
2012-04-01,0.3999999999999999,0.21532491956359845,4.590056548178043,4.089332020398556,4.123903364463645,4.7664383335842135
2012-05-01,0.3700000000000001,0.23089575933138562,4.600157644164547,4.0943445622221,4.174387269895637,4.678885223810372
2012-06-01,0.33999999999999986,0.2365466283522526,4.584967478670572,4.091005660956586,4.183575695950044,4.547964712217312
2012-07-01,0.29000000000000004,0.24049014615476594,4.574710978503383,4.091005660956586,4.191168746857641,4.604770105966751
2012-08-01,0.2599999999999998,0.17806297814584582,4.548599834499697,4.087655574071304,4.147885329150131,4.690889061390629
2012-09-01,0.23999999999999977,0.23173840768919352,4.537961436294641,4.089332020398556,4.213607983048918,4.70817793606232
2012-10-01,0.1900000000000004,0.22506032312484692,4.532599493153256,4.089332020398556,4.194189897191817,4.68610480348409
2012-11-01,0.1900000000000004,0.18796539872138407,4.516338972281476,4.085976312551584,4.197201947661808,4.673856343776539
2012-12-01,0.2799999999999998,0.16049918478280922,4.48863636973214,4.08260930600368,4.220977213155467,4.667205576907544
2013-01-01,0.2999999999999998,0.16952188201836815,4.505349850705881,4.08260930600368,4.169761201506855,4.683888940699482
2013-02-01,0.33999999999999986,0.1781117584507088,4.553876891600541,4.079230924412053,4.191168746857641,4.7106106984460885
2013-03-01,0.31000000000000005,0.16461244081402082,4.553876891600541,4.084294226368599,4.154184562578117,4.660604892876192
2013-04-01,0.29000000000000004,0.1814873597234099,4.5591262474866845,4.091005660956586,4.182050142641207,4.620058798481842
2013-05-01,0.31000000000000005,0.1919592578989926,4.56954300834494,4.091005660956586,4.192680462942962,4.610356712675391
2013-06-01,0.43999999999999995,0.20459301718181244,4.5591262474866845,4.092676505121403,4.194189897191817,4.609062600703435
2013-07-01,0.56,0.17074276815435052,4.564348191467836,4.092676505121403,4.203198967134183,4.642754946315362
2013-08-01,0.6699999999999999,0.19753865415207628,4.52720864451838,4.092676505121403,4.191168746857641,4.673482826170178
2013-09-01,0.6299999999999999,0.13833278048908415,4.548599834499697,4.096009841541162,4.1713056033582285,4.6827791653150745
2013-10-01,0.6099999999999999,0.15723452721117148,4.553876891600541,4.097672352314776,4.186619838331271,4.671613142536805
2013-11-01,0.6480000000000001,0.13035075856407108,4.5591262474866845,4.097672352314776,4.182050142641207,4.664004971708984
2013-12-01,0.7120000000000002,0.12422694108091292,4.564348191467836,4.096009841541162,4.169761201506855,4.681482868837255
2014-01-01,0.7549999999999999,0.1517636712487569,4.584967478670572,4.100989104940769,4.2456340097683265,4.642176911617187
2014-02-01,0.6679999999999997,0.14092742613349518,4.584967478670572,4.104294893075269,4.255612709818223,4.656433479925633
2014-03-01,0.669,0.137696388644164,4.574710978503383,4.100989104940769,4.188138441508461,4.647654797594247
2014-04-01,0.665,0.1227356544382161,4.584967478670572,4.1059436980654525,4.182050142641207,4.65224459337402
2014-05-01,0.5640000000000001,0.12714648119314642,4.584967478670572,4.09933210373314,4.220977213155467,4.658995272682999
2014-06-01,0.54,0.14135915801569698,4.56954300834494,4.09933210373314,4.249922794040544,4.683704063642198
2014-07-01,0.4980000000000002,0.12922308272513128,4.56954300834494,4.102643365036796,4.244200317766478,4.663061664403869
2014-08-01,0.5459999999999998,0.13196070504777246,4.553876891600541,4.1059436980654525,4.225372824628505,4.62114195549779
2014-09-01,0.6070000000000002,0.10834286733592435,4.5591262474866845,4.104294893075269,4.286341384539473,4.5682987112121864
2014-10-01,0.5300000000000002,0.10226988272199655,4.553876891600541,4.102643365036796,4.183575695950044,4.458756167532555
2014-11-01,0.5540000000000003,0.13021333488051923,4.5591262474866845,4.104294893075269,4.2612704335380815,4.332311042427949
2014-12-01,0.5380000000000003,0.15175583523918768,4.548599834499697,4.100989104940769,4.29592393562047,4.09150720740194
2015-01-01,0.3759999999999999,0.13629755093423324,4.548599834499697,4.104294893075269,4.320151230955794,3.8392372357024933
2015-02-01,0.32200000000000006,0.135715487068107,4.548599834499697,4.1059436980654525,4.308110951723713,4.0239220979255546
2015-03-01,0.4109999999999998,0.10799370397785069,4.584967478670572,4.100989104940769,4.294560608892605,3.9948924832504407
2015-04-01,0.43799999999999994,0.10486713743891851,4.579852378003801,4.100989104940769,4.28496492183075,4.067829456566345
2015-05-01,0.6150000000000002,0.09092759914799853,4.564348191467836,4.100989104940769,4.300002799195291,4.145987795373939
2015-06-01,0.6950000000000001,0.07125108970375926,4.532599493153256,4.09933210373314,4.3054155323020415,4.123903364463645
2015-07-01,0.6730000000000003,0.06525896995322888,4.516338972281476,4.102643365036796,4.3067641501733345,4.025173103360802
2015-08-01,0.5729999999999997,0.09428041447468516,4.52720864451838,4.102643365036796,4.309455941839047,3.8707842574115485
2015-09-01,0.5650000000000002,0.08515735898450316,4.537961436294641,4.104294893075269,4.334672938290411,3.810875823423188
2015-10-01,0.4610000000000001,0.10059032754379515,4.532599493153256,4.104294893075269,4.396915247167632,3.8255932774297583
2015-11-01,0.502,0.09635112616125152,4.537961436294641,4.102643365036796,4.383275854074314,3.728100167267218
2015-12-01,0.46199999999999997,0.09000581298757115,4.5217885770490405,4.107589788972121,4.4272389774954295,3.5304697173662944
2016-01-01,0.397,0.047660090735074156,4.505349850705881,4.1059436980654525,4.324132656254979,3.312730400339825
2016-02-01,0.3520000000000001,0.048471379483125965,4.52720864451838,4.102643365036796,4.356708826689592,3.3901364343027307
2016-03-01,0.3560000000000001,0.05680347017008369,4.543294782270004,4.09933210373314,4.403054001865957,3.5681232529781366
2016-04-01,0.3420000000000001,0.06778978417200676,4.532599493153256,4.09933210373314,4.37197629882038,3.671733295278966
2016-05-01,0.33199999999999985,0.08685223700372635,4.52720864451838,4.100989104940769,4.400603020246817,3.7921127087555884
2016-06-01,0.2829999999999999,0.08689913848452946,4.537961436294641,4.102643365036796,4.4331949212482815,3.83557383326474
2016-07-01,0.18300000000000005,0.09182863070835268,4.51085950651685,4.102643365036796,4.324132656254979,3.7480913137457823
2016-08-01,0.17900000000000005,0.09624147937253547,4.537961436294641,4.107589788972121,4.330733340286331,3.7835075831927187
2016-09-01,0.19999999999999996,0.0920337983787487,4.5591262474866845,4.104294893075269,4.330733340286331,3.7768903314366495
2016-10-01,0.2350000000000001,0.10449499488958658,4.543294782270004,4.104294893075269,4.394449154672439,3.8877303128591016
2016-11-01,0.3560000000000001,0.14794889298194125,4.543294782270004,4.1059436980654525,4.389498649512583,3.785098311854479
2016-12-01,0.46699999999999986,0.16285217252050366,4.553876891600541,4.109233174715851,4.432006566978902,3.9539324085053558
2017-01-01,0.4680000000000002,0.17502958487175047,4.548599834499697,4.1059436980654525,4.379523504455763,3.980989209892869
2017-02-01,0.4979999999999998,0.12511249286003867,4.537961436294641,4.107589788972121,4.411585436915426,3.9945242269398897
2017-03-01,0.512,0.14222099944201894,4.5591262474866845,4.109233174715851,4.415219602029645,3.9322177127136655
2017-04-01,0.504,0.1183403232049347,4.584967478670572,4.107589788972121,4.432006566978902,3.96176509732296
2017-05-01,0.5670000000000002,0.08580880152002646,4.579852378003801,4.107589788972121,4.4343818650078095,3.914619631275412
2017-06-01,0.492,0.10697810647010453,4.56954300834494,4.1059436980654525,4.443827035579329,3.836437018471551
2017-07-01,0.5119999999999998,0.10468597258482504,4.5591262474866845,4.107589788972121,4.4272389774954295,3.866816412590067
2017-08-01,0.5069999999999999,0.11443084493875144,4.5591262474866845,4.107589788972121,4.394449154672439,3.917408477704484
2017-09-01,0.5010000000000001,0.1183819416479075,4.564348191467836,4.109233174715851,4.45318382899021,3.987501466604052
2017-10-01,0.42900000000000027,0.09848431648973222,4.532599493153256,4.109233174715851,4.426043520090656,4.021236090401462
2017-11-01,0.3900000000000001,0.11269853930492868,4.574710978503383,4.107589788972121,4.49647076906475,4.104129862956897
2017-12-01,0.3719999999999999,0.036893183978222055,4.564348191467836,4.11251186617755,4.44500143383527,4.1170840491915905
2018-01-01,0.43599999999999994,0.0680108983400256,4.564348191467836,4.11251186617755,4.470495282661489,4.189957726425047
2018-02-01,0.4929999999999999,0.05868654827367337,4.5591262474866845,4.104294893075269,4.48863636973214,4.137244396537321
2018-03-01,0.4370000000000003,0.02449946661484592,4.564348191467836,4.107589788972121,4.51852237926242,4.157632301458019
2018-04-01,0.46299999999999963,0.047302500533736414,4.548599834499697,4.107589788972121,4.51852237926242,4.229312422632585
2018-05-01,0.5070000000000001,0.08157505926186026,4.548599834499697,4.104294893075269,4.485259889315534,4.305145590337924
2018-06-01,0.4810000000000003,0.048684475020782436,4.5591262474866845,4.1059436980654525,4.476199804691132,4.294697025235496
2018-07-01,0.45199999999999996,0.055074976871753556,4.56954300834494,4.104294893075269,4.478472532942134,4.287303782358995
2018-08-01,0.43900000000000006,0.08128638245625375,4.5217885770490405,4.100989104940769,4.490881039585964,4.284827171296749
2018-09-01,0.3619999999999999,0.0646152874265784,4.537961436294641,4.104294893075269,4.429625613473161,4.342895917470844
2018-10-01,0.3280000000000003,0.07610615871518434,4.537961436294641,4.1059436980654525,4.475061500641071,4.366405253770925
2018-11-01,0.26900000000000013,0.02705990383791157,4.5217885770490405,4.109233174715851,4.499809670330265,4.169606630055894
2018-12-01,0.16700000000000004,-0.029199595421458113,4.52720864451838,4.107589788972121,4.483002552013883,4.019441402195416
2019-01-01,0.18400000000000016,0.036009942154849206,4.532599493153256,4.107589788972121,4.468204330914934,4.080245637842599
2019-02-01,0.18599999999999994,-0.0016128455832520316,4.537961436294641,4.107589788972121,4.455509411433685,4.167440117292651
2019-03-01,0.16400000000000015,0.029659027970234675,4.564348191467836,4.109233174715851,4.529368472571809,4.203946072137182
2019-04-01,0.15300000000000002,0.009558486138673494,4.553876891600541,4.1059436980654525,4.493120682179469,4.261834449345476
2019-05-01,0.14900000000000002,-0.003428355832930663,4.548599834499697,4.107589788972121,4.493120682179469,4.229312422632585
2019-06-01,0.12200000000000011,0.005250302630162018,4.553876891600541,4.107589788972121,4.470495282661489,4.109561528026961
2019-07-01,0.12400000000000011,-0.00034504685585634576,4.548599834499697,4.107589788972121,4.447346100794524,4.140910031369422
2019-08-01,0.09000000000000008,0.035268038944497704,4.543294782270004,4.110873864173311,4.51085950651685,4.069026754237811
2019-09-01,0.133,0.014598512963426735,4.52720864451838,4.110873864173311,4.525044141508807,4.108576144468825
2019-10-01,0.21999999999999997,0.023277985384622113,4.532599493153256,4.11251186617755,4.513054897080286,4.075161742805327
2019-11-01,0.258,0.009508315590562866,4.543294782270004,4.11251186617755,4.551769409260976,4.114473933517266
2019-12-01,0.2630000000000001,0.056674375106269714,4.532599493153256,4.119037174812473,4.582924577040772,4.165889729385197
2020-01-01,0.2829999999999999,-0.009960241705055495,4.543294782270004,4.122283930911342,4.525044141508807,4.145196092379535
2020-02-01,0.28700000000000014,-0.059946843670398486,4.537961436294641,4.119037174812473,4.4355674016019115,3.9899095440852173
2020-03-01,0.39400000000000013,0.01785761740000602,4.5217885770490405,4.0943445622221,4.552823705615882,3.511843901749219
2020-04-01,0.48,-0.04849434993861035,4.460144413937834,4.08260930600368,4.584967478670572,3.2653776585196206
2020-05-01,0.5159999999999999,-0.13746067076441193,4.375757021660286,4.085976312551584,4.631812116934513,3.484312288372662
2020-06-01,0.5419999999999999,-0.05119030247232459,4.382026634673881,4.089332020398556,4.686750172980514,3.6906279246480533
2020-07-01,0.5340000000000001,-0.02600146481520138,4.42484663185681,4.091005660956586,4.558078578454241,3.750209709265542
2020-08-01,0.544,-0.03190699378924311,4.418840607796598,4.0943445622221,4.660604892876192,3.7823697972012753
2020-09-01,0.592,0.04045939102320162,4.412798293340635,4.091005660956586,4.631812116934513,3.72255598047332
2020-10-01,0.5969999999999999,0.0667245954345086,4.477336814478207,4.092676505121403,4.657762636107262,3.7089271494177143
2020-11-01,0.6450000000000001,0.0725393443810951,4.48863636973214,4.097672352314776,4.660604892876192,3.772071045000701
2020-12-01,0.7050000000000001,0.05916512265198115,4.532599493153256,4.091005660956586,4.647271362006727,3.9045954895993495
2021-01-01,0.7560000000000001,0.05520719370868665,4.499809670330265,4.079230924412053,4.711330381816482,4.000949214622548
2021-02-01,0.85,0.06851314012730736,4.543294782270004,4.092676505121403,4.659658371272161,4.114963849424837
2021-03-01,0.907,0.07188722951331528,4.543294782270004,4.09933210373314,4.674696248636701,4.163404098153595
2021-04-01,0.903,0.07723134793598962,4.584967478670572,4.100989104940769,4.671893818030999,4.145196092379535
2021-05-01,0.9969999999999999,0.06369004019380498,4.59511985013459,4.100989104940769,4.669083511731744,4.194943760778217
2021-06-01,0.8010000000000002,0.07769917756947908,4.584967478670572,4.104294893075269,4.66814498514948,4.26689632742025
2021-07-01,0.5569999999999999,0.06370312604352257,4.605170185988092,4.104294893075269,4.666265285347902,4.278608675475393
2021-08-01,0.494,0.003933141746837343,4.579852378003801,4.1059436980654525,4.680277658474897,4.230185785133514
2021-09-01,0.546,-0.021527250099167006,4.584967478670572,4.109233174715851,4.627909672957581,4.287166353649922
2021-10-01,0.5569999999999999,-0.026075837632647314,4.590056548178043,4.109233174715851,4.686750172980514,4.399866552802212
2021-11-01,0.4019999999999999,-0.012422519998557036,4.584967478670572,4.110873864173311,4.641502115235482,4.3651347670036635
2021-12-01,0.3869999999999998,-0.023181381107280963,4.579852378003801,4.11414718951828,4.676560182074764,4.288402532641213
2022-01-01,0.43199999999999994,0.007561472700576388,4.59511985013459,4.115779842942166,4.627909672957581,4.424247650107844
2022-02-01,0.4049999999999998,-0.027607655324097813,4.600157644164547,4.127134385045092,4.69866052907543,4.516666787396688
2022-03-01,0.4149999999999996,-0.004759647252988053,4.61015772749913,4.123903364463645,4.642465970731788,4.678327706605818
2022-04-01,0.278,-0.02107357679052857,4.579852378003801,4.127134385045092,4.631812116934513,4.632396172241683
2022-05-01,0.2759999999999998,-0.012458234922041456,4.584967478670572,4.130354999745133,4.628886712605407,4.680834089909081
2022-06-01,0.16300000000000026,-0.0949550031001829,4.59511985013459,4.128745988939433,4.599152113662528,4.717248089393442
2022-07-01,0.06199999999999983,-0.09071896566487858,4.579852378003801,4.130354999745133,4.598145571051127,4.608365076884611
2022-08-01,0.07500000000000018,-0.0768167774218087,4.548599834499697,4.131961425793407,4.660604892876192,4.561113799791172
2022-09-01,-0.006000000000000227,-0.0729295033334072,4.548599834499697,4.130354999745133,4.6443908991413725,4.496916600547837
2022-10-01,0.03200000000000003,-0.08791676410444271,4.5591262474866845,4.130354999745133,4.669083511731744,4.513164540192067
2022-11-01,0.020000000000000018,-0.14674162436132931,4.52720864451838,4.130354999745133,4.637637376125593,4.437934266612178
2022-12-01,-0.08899999999999997,-0.163493813486836,4.516338972281476,4.130354999745133,4.616110126026426,4.3419855851366975
2023-01-01,-0.04899999999999993,-0.17889689591259028,4.505349850705881,4.128745988939433,4.598145571051127,4.393337425819748
2023-02-01,-0.020000000000000018,-0.17329484132490247,4.499809670330265,4.135166556742356,4.6709579265260945,4.397899983830172
2023-03-01,-0.0129999999999999,-0.12556517609843887,4.477336814478207,4.138361447638875,4.625952725170619,4.360164387816747
2023-04-01,0.05600000000000005,-0.21927034292510506,4.499809670330265,4.136765278106052,4.605170185988092,4.42376820625352
2023-05-01,0.07200000000000006,-0.16980818964566424,4.505349850705881,4.139955073474153,4.616110126026426,4.314684186203576
2023-06-01,0.06300000000000017,-0.0998581775179348,4.483002552013883,4.138361447638875,4.6568134191399295,4.313881617942199
2023-07-01,0.04300000000000015,-0.17431265311760313,4.499809670330265,4.135166556742356,4.59511985013459,4.390118804571218
2023-08-01,0.133,-0.17534594305752904,4.4942386252808095,4.136765278106052,4.6520537718869415,4.4557416724961625
2023-09-01,0.10699999999999976,-0.12656941515875975,4.454347296253507,4.138361447638875,4.5736795188967205,4.535176814167556
2023-10-01,0.24100000000000055,-0.14211513631591455,4.477336814478207,4.138361447638875,4.638604962074329,4.4862740310442355
2023-11-01,0.11900000000000022,-0.11983254826636092,4.52720864451838,4.136765278106052,4.639571612705423,4.414493824811383
2023-12-01,0.06499999999999995,-0.06905642205733997,4.505349850705881,4.136765278106052,4.626931677769604,4.3511807545027805
2024-01-01,0.08700000000000019,-0.11587901984904647,4.499809670330265,4.139955073474153,4.616110126026426,4.376762804998783
2024-02-01,0.07799999999999985,-0.10168677871559151,4.52720864451838,4.141546163706395,4.589040804058207,4.416548827045609
2024-03-01,0.08000000000000007,-0.09831468882462424,4.537961436294641,4.139955073474153,4.572646994282532,4.4616461759020485
2024-04-01,0.1280000000000001,-0.08087111454397178,4.537961436294641,4.141546163706395,4.55597994179732,4.5094299137072555
2024-05-01,0.0950000000000002,-0.09423162496311654,4.553876891600541,4.138361447638875,4.5612182984589085,4.438761347654186
2024-06-01,0.07500000000000018,-0.06508661651988668,4.537961436294641,4.138361447638875,4.562262684976814,4.432125465974346
2024-07-01,0.08799999999999963,-0.12291915377815066,4.543294782270004,4.136765278106052,4.59511985013459,4.44500143383527
2024-08-01,0.07500000000000018,-0.08921915416507709,4.532599493153256,4.138361447638875,4.578826210648489,4.383151002335591
2024-09-01,0.14300000000000024,-0.06405202149285039,4.52720864451838,4.139955073474153,4.637637376125593,4.300816579248338
2024-10-01,0.1589999999999998,-0.10476332244807995,4.537961436294641,4.138361447638875,4.611152257665639,4.33165396900921
2024-11-01,0.1479999999999997,-0.12767075666279126,4.51085950651685,4.136765278106052,4.577798989191959,4.3052805704285655
2024-12-01,0.18100000000000005,-0.03453446308921393,4.499809670330265,4.131961425793407,4.554928969551344,4.30406509320417
2025-01-01,0.25,-0.09974395762009447,4.483002552013883,4.141546163706395,4.576770711466393,4.39197696552705
2025-02-01,0.21899999999999986,-0.06491382607723573,4.48863636973214,4.143134726391533,4.7059200890882344,4.334935027140031
2025-03-01,0.20500000000000007,-0.03122204826135988,4.499809670330265,4.143134726391533,4.612145799724517,4.290185431008302
2025-04-01,0.2629999999999999,-0.021380795024950494,4.499809670330265,4.144720769547168,4.596129441335942,4.226687749209813
2025-05-01,0.379,-0.041222715823954204,4.499809670330265,4.141546163706395,4.61015772749913,4.152770690690713
2025-06-01,0.40100000000000025,-0.025268594174884917,4.516338972281476,4.139955073474153,4.594109238628667,4.239310332472287
