"지수별",2000.01,2000.02,2000.03,2000.04,2000.05,2000.06,2000.07,2000.08,2000.09,2000.10,2000.11,2000.12,2001.01,2001.02,2001.03,2001.04,2001.05,2001.06,2001.07,2001.08,2001.09,2001.10,2001.11,2001.12,2002.01,2002.02,2002.03,2002.04,2002.05,2002.06,2002.07,2002.08,2002.09,2002.10,2002.11,2002.12,2003.01,2003.02,2003.03,2003.04,2003.05,2003.06,2003.07,2003.08,2003.09,2003.10,2003.11,2003.12,2004.01,2004.02,2004.03,2004.04,2004.05,2004.06,2004.07,2004.08,2004.09,2004.10,2004.11,2004.12,2005.01,2005.02,2005.03,2005.04,2005.05,2005.06,2005.07,2005.08,2005.09,2005.10,2005.11,2005.12,2006.01,2006.02,2006.03,2006.04,2006.05,2006.06,2006.07,2006.08,2006.09,2006.10,2006.11,2006.12,2007.01,2007.02,2007.03,2007.04,2007.05,2007.06,2007.07,2007.08,2007.09,2007.10,2007.11,2007.12,2008.01,2008.02,2008.03,2008.04,2008.05,2008.06,2008.07,2008.08,2008.09,2008.10,2008.11,2008.12,2009.01,2009.02,2009.03,2009.04,2009.05,2009.06,2009.07,2009.08,2009.09,2009.10,2009.11,2009.12,2010.01,2010.02,2010.03,2010.04,2010.05,2010.06,2010.07,2010.08,2010.09,2010.10,2010.11,2010.12,2011.01,2011.02,2011.03,2011.04,2011.05,2011.06,2011.07,2011.08,2011.09,2011.10,2011.11,2011.12,2012.01,2012.02,2012.03,2012.04,2012.05,2012.06,2012.07,2012.08,2012.09,2012.10,2012.11,2012.12,2013.01,2013.02,2013.03,2013.04,2013.05,2013.06,2013.07,2013.08,2013.09,2013.10,2013.11,2013.12,2014.01,2014.02,2014.03,2014.04,2014.05,2014.06,2014.07,2014.08,2014.09,2014.10,2014.11,2014.12,2015.01,2015.02,2015.03,2015.04,2015.05,2015.06,2015.07,2015.08,2015.09,2015.10,2015.11,2015.12,2016.01,2016.02,2016.03,2016.04,2016.05,2016.06,2016.07,2016.08,2016.09,2016.10,2016.11,2016.12,2017.01,2017.02,2017.03,2017.04,2017.05,2017.06,2017.07,2017.08,2017.09,2017.10,2017.11,2017.12,2018.01,2018.02,2018.03,2018.04,2018.05,2018.06,2018.07,2018.08,2018.09,2018.10,2018.11,2018.12,2019.01,2019.02,2019.03,2019.04,2019.05,2019.06,2019.07,2019.08,2019.09,2019.10,2019.11,2019.12,2020.01,2020.02,2020.03,2020.04,2020.05,2020.06,2020.07,2020.08,2020.09,2020.10,2020.11,2020.12,2021.01,2021.02,2021.03,2021.04,2021.05,2021.06,2021.07,2021.08,2021.09,2021.10,2021.11,2021.12,2022.01,2022.02,2022.03,2022.04,2022.05,2022.06,2022.07,2022.08,2022.09,2022.10,2022.11,2022.12,2023.01,2023.02,2023.03,2023.04,2023.05,2023.06,2023.07,2023.08,2023.09,2023.10,2023.11,2023.12,2024.01,2024.02,2024.03,2024.04,2024.05,2024.06,2024.07,2024.08,2024.09,2024.10,2024.11,2024.12,2025.01,2025.02,2025.03,2025.04 p),2025.05 p),2025.06 p)
" 선행종합지수(2020=100)",49.2,49.4,49.6,49.5,49.6,49.8,50.0,50.4,50.2,49.7,48.7,48.3,47.7,47.9,48.2,48.4,48.9,49.2,49.3,49.4,49.7,50.0,50.8,51.7,52.8,53.7,54.6,54.9,54.9,54.5,54.4,54.2,54.1,53.8,53.9,54.1,54.1,54.2,54.2,54.1,54.2,54.5,54.7,55.1,55.4,55.8,55.9,56.1,56.4,56.8,57.0,57.2,57.1,57.1,57.0,57.0,57.1,57.3,57.4,57.5,57.6,57.9,58.4,58.6,58.7,58.6,58.8,59.2,59.4,59.6,59.9,60.4,60.8,61.1,61.2,61.3,61.4,61.4,61.1,61.1,61.4,61.9,62.2,62.3,62.5,62.8,62.9,63.2,63.4,63.8,64.3,64.5,64.6,64.7,64.9,65.1,65.1,65.0,64.9,65.0,65.1,65.0,65.0,65.0,65.0,65.0,64.9,64.9,65.0,65.5,66.0,67.0,67.5,68.3,68.6,68.8,69.2,69.7,70.3,70.7,71.0,71.0,71.0,71.1,71.3,71.6,71.7,71.7,71.8,71.6,71.8,71.9,72.3,72.6,72.7,72.8,72.9,73.0,73.0,73.0,73.0,73.0,73.1,73.2,73.4,73.8,74.2,74.4,74.5,74.7,74.7,74.7,74.7,74.9,75.1,75.4,75.6,75.8,76.1,76.3,76.6,77.0,77.4,77.7,77.8,78.2,78.5,78.8,79.1,79.3,79.5,79.8,79.9,80.1,80.3,80.6,81.0,81.3,81.6,81.9,82.4,82.7,83.2,83.5,84.0,84.2,84.4,84.7,85.1,85.4,85.6,85.6,85.7,85.7,86.0,86.3,86.7,86.9,87.3,87.7,88.1,88.5,88.9,89.3,89.7,90.2,90.6,91.0,91.3,91.8,92.1,92.5,92.7,93.0,93.1,93.2,93.5,93.8,94.0,94.0,94.3,94.5,94.7,94.6,94.7,94.8,94.7,94.7,94.9,95.0,95.4,95.7,95.7,95.8,95.7,95.9,96.3,96.9,97.4,98.0,98.3,98.6,98.5,98.5,98.5,99.0,99.6,100.5,101.1,101.7,102.5,103.1,103.8,104.4,105.1,105.8,106.5,107.2,107.3,107.4,107.3,107.1,107.1,107.3,107.6,107.7,107.8,108.0,108.5,108.8,108.9,109.1,109.3,109.6,109.5,109.3,109.2,109.2,109.2,109.4,109.8,110.5,111.1,111.5,111.8,112.3,112.8,113.3,113.7,114.1,114.3,114.9,115.2,115.7,115.9,116.2,116.5,116.8,117.1,117.2,117.1,117.5,118.1,118.8,119.1,119.6
" 재고순환지표(%p)",-,-,-,-,-,-,-,-,-,-,-,-,-,-,-,-,-,-,-,-,-,-,-,-,-,-,-,-,-,-,-,-,-,-,-,-,-0.4,-0.9,-1.8,-6.2,-8.5,-6.8,-6.9,-5.3,-5.5,-2.1,-0.6,0.6,1.8,4.3,5.8,7.9,8.8,8.6,8.0,6.2,5.4,2.3,0.5,-2.5,-4.0,-6.0,-4.4,-5.3,-6.0,-5.5,-3.5,0.1,-0.7,-0.5,0.0,2.0,2.8,2.8,1.1,1.2,1.5,0.9,-2.8,-5.0,-3.7,-0.4,-0.8,-1.8,-4.2,-3.8,-2.7,0.6,2.3,3.1,5.9,5.7,5.5,1.8,2.3,3.2,5.0,3.8,3.2,0.4,-1.6,-5.8,-7.7,-9.3,-10.8,-14.6,-20.3,-24.2,-24.9,-18.0,-11.7,-4.5,0.1,7.4,12.1,14.6,15.5,17.3,22.7,28.2,31.2,24.3,16.2,7.7,4.8,0.7,-2.3,-4.4,-6.1,-7.2,-7.8,-7.8,-3.1,1.4,4.2,1.6,-1.9,-4.7,-6.0,-6.6,-6.3,-6.8,-9.0,-11.5,-13.9,-12.3,-11.4,-9.0,-8.1,-5.0,-3.3,-4.2,-3.8,-3.1,-0.7,-0.2,-1.6,-4.1,-5.4,-5.3,-4.0,-3.8,-4.9,-3.0,-5.0,-5.3,-7.9,-6.1,-4.3,-2.9,-2.6,-3.7,-5.2,-6.4,-5.7,-5.7,-4.8,-5.3,-3.2,-1.1,0.7,-0.1,-2.1,-2.8,-2.9,-4.4,-5.6,-6.3,-4.8,-2.8,-2.6,-3.8,-6.8,-8.6,-8.3,-6.7,-3.8,-1.6,0.8,1.0,1.0,0.0,1.5,3.7,7.3,8.9,9.3,7.5,4.3,2.2,1.0,1.5,1.8,1.3,-0.3,-5.5,-8.5,-10.7,-10.8,-10.5,-7.7,-5.7,-4.8,-5.5,-5.0,-4.1,-6.0,-6.5,-6.7,-5.7,-3.4,-3.8,-4.9,-6.5,-7.1,-5.6,-5.9,-5.8,-4.9,-0.2,0.0,-0.8,-4.1,-4.4,-7.3,-8.9,-8.0,-5.7,-2.9,-0.2,4.6,4.2,5.8,7.6,9.5,10.8,14.0,16.2,15.0,9.0,3.0,-3.1,-7.3,-8.2,-7.1,-7.0,-6.8,-8.3,-8.2,-11.6,-13.5,-13.6,-9.4,-6.1,-7.9,-10.5,-14.9,-14.8,-14.6,-14.8,-15.5,-11.5,-7.7,-5.8,-7.2,-6.1,-1.6,3.3,7.8,8.9,6.3,8.0,8.5,8.6,6.1,6.7,7.4,6.6,3.5,3.2,2.1,3.9,5.1,7.0,6.8,5.8
" 경제심리지수",-,-,-,-,-,-,-,-,-,-,-,-,-,-,-,-,-,-,-,-,-,-,-,-,-,-,-,-,-,-,-,-,-,-,-,-,102.0,100.6,99.0,98.0,96.0,96.3,94.6,95.4,97.4,99.5,101.0,102.2,104.6,106.0,106.9,107.6,104.9,101.8,97.5,96.5,96.9,96.7,95.3,92.8,92.8,98.5,105.6,110.8,109.3,106.2,102.3,102.1,103.7,105.8,107.8,109.8,113.2,115.7,117.3,117.4,115.0,110.8,106.6,105.1,105.9,108.0,109.4,109.6,108.6,109.7,111.7,114.5,114.9,114.7,114.6,115.6,116.8,116.9,115.9,114.2,113.1,113.1,111.4,110.3,106.8,104.1,99.1,98.5,98.2,94.5,84.2,71.8,66.9,66.6,70.7,78.4,86.9,95.6,98.7,103.0,106.7,111.0,111.2,111.3,111.6,114.1,115.8,117.0,116.8,116.6,116.0,115.2,114.8,113.7,113.5,112.8,112.7,112.6,112.0,112.6,111.9,111.4,109.4,107.7,106.9,105.8,105.1,103.1,102.0,102.2,104.2,107.0,107.3,105.6,101.2,97.7,95.2,93.6,92.2,91.5,92.5,94.5,96.9,98.1,98.5,97.8,97.0,96.4,96.4,97.1,97.9,98.4,99.3,100.9,101.8,102.5,101.8,100.7,98.3,97.4,98.5,98.6,98.4,96.9,97.6,99.4,101.0,102.7,102.4,99.2,96.5,94.9,96.7,97.3,97.2,96.2,95.0,93.6,93.7,94.8,95.6,95.9,95.6,96.5,97.5,97.6,97.0,95.7,95.6,96.2,98.4,99.7,100.8,100.8,100.6,100.6,100.2,101.2,101.8,102.8,101.9,101.5,100.0,100.2,100.5,101.2,99.7,98.0,97.8,97.5,96.6,95.0,93.9,95.0,95.6,97.5,96.5,95.9,94.0,93.0,92.8,93.1,94.2,94.5,96.0,94.4,85.5,73.3,64.5,64.3,69.5,76.0,79.1,83.1,86.0,88.8,90.2,91.8,97.1,101.5,104.5,107.3,106.9,106.8,105.2,105.9,106.4,106.4,106.4,106.1,105.8,105.9,106.2,105.9,103.2,100.6,99.0,98.1,95.4,93.2,91.6,91.5,91.5,92.7,93.8,95.3,95.4,95.3,94.3,93.5,92.5,92.0,91.8,92.4,92.7,93.7,93.8,94.6,95.1,95.3,94.9,93.8,93.3,89.7,87.7,86.7,88.0,88.3,89.0,90.8
" 기계류내수출하지수(선박제외)(2020=100)",-,-,-,-,-,-,-,-,-,-,-,-,-,-,-,-,-,-,-,-,-,-,-,-,-,-,-,-,-,-,-,-,-,-,-,-,90.1,88.8,87.6,86.3,85.4,85.2,82.8,82.1,82.2,83.8,84.0,82.9,83.2,83.5,83.5,83.5,83.1,83.3,82.6,82.3,81.6,81.9,80.9,80.8,79.7,80.0,80.2,81.0,81.4,81.3,82.1,82.9,83.2,83.9,83.6,84.1,85.5,87.7,89.1,89.3,92.2,92.4,90.3,88.9,90.6,94.4,95.1,94.8,94.3,94.8,95.0,94.9,95.3,95.1,94.6,92.7,91.9,93.2,95.5,97.9,97.9,97.6,97.9,99.0,99.1,97.7,97.3,96.8,97.7,97.4,96.3,92.7,86.9,85.0,85.0,88.4,87.9,90.8,90.1,90.1,89.7,91.3,94.4,96.9,98.8,99.6,100.7,104.5,109.0,111.9,111.9,112.7,113.4,113.2,112.4,110.5,112.5,113.6,114.6,113.2,114.4,115.3,116.6,116.2,115.9,116.5,114.9,112.9,113.7,118.3,119.4,118.5,113.5,111.9,109.1,106.6,104.2,104.2,103.8,104.3,101.7,100.9,100.2,99.5,99.0,101.0,101.3,101.8,99.6,101.6,102.2,103.5,101.6,101.5,101.2,101.5,101.0,100.9,101.3,101.1,101.0,101.1,102.9,101.9,100.6,99.4,100.2,101.9,100.7,100.9,100.1,103.4,104.1,104.6,102.6,100.4,96.7,93.8,94.9,95.9,98.8,99.4,100.8,101.7,102.9,105.9,108.0,110.7,112.2,112.6,113.5,113.7,114.9,116.5,117.0,117.4,114.9,113.1,110.4,108.1,111.5,113.6,115.5,112.8,113.1,111.9,111.3,108.4,105.6,103.9,102.1,100.0,98.2,95.7,96.5,96.2,96.6,96.2,95.1,95.1,94.9,97.7,97.5,99.8,99.5,100.8,100.3,100.6,99.6,99.1,98.2,98.8,98.7,98.1,99.7,101.4,104.2,106.1,107.5,109.1,110.1,111.5,110.5,109.5,106.8,104.1,102.6,103.5,107.6,107.3,107.7,103.5,105.4,105.9,108.7,112.3,113.2,115.3,114.2,114.6,109.7,106.2,103.2,102.5,102.9,102.9,102.9,101.5,102.4,105.3,107.8,108.6,107.8,107.2,105.4,105.0,102.9,101.7,100.8,100.3,102.1,104.4,104.6,102.8,98.6,99.7,100.4,102.8,100.8,98.5
" 건설수주액(실질)(십억원)",-,-,-,-,-,-,-,-,-,-,-,-,-,-,-,-,-,-,-,-,-,-,-,-,-,-,-,-,-,-,-,-,-,-,-,-,8484.8,8361.3,8185.9,8119.9,7847.4,9100.5,9737.2,10710.7,10041.3,9877.1,8421.0,7827.3,7334.7,7530.0,7358.8,7208.9,6974.7,6781.3,7520.2,7422.9,7449.0,8100.3,8114.3,9183.2,8312.5,8086.1,8944.6,9057.9,10993.4,10184.7,10535.4,9200.6,7892.7,6514.2,5958.7,6651.3,7479.8,8354.8,8352.7,8030.0,8175.4,8511.8,9564.2,9413.2,9975.5,8597.6,8656.0,8543.0,10236.8,10978.0,11153.9,10964.0,10571.3,10850.3,10213.9,10178.8,9827.6,10683.0,11737.5,11632.0,10656.7,9799.9,9921.6,10614.3,10674.9,9833.6,8905.4,8084.5,7405.5,7424.9,7155.8,9468.2,9531.6,9929.5,8518.9,9004.0,9144.3,9755.1,9201.4,8269.9,7968.4,8993.0,11491.6,11822.6,12001.7,9736.6,8552.3,7411.0,8484.2,8904.2,9426.6,7824.4,7682.7,5873.1,6381.2,6405.9,7238.3,6924.3,6776.7,7043.8,7509.9,7973.1,7489.5,8018.1,7109.1,7846.9,7458.5,8378.0,9378.5,10213.6,9442.9,8048.5,7028.2,7938.0,8248.3,7983.2,6832.0,5977.7,5942.5,5679.7,5692.4,5484.1,5610.7,5740.0,5898.8,5971.1,6294.4,6122.5,6295.1,6512.0,6999.6,7274.7,7262.6,7468.9,6735.6,7135.2,6764.8,7627.0,7501.8,8829.7,8748.2,9046.0,7426.1,7327.2,8206.3,8540.8,10515.3,10229.4,12200.3,11810.1,11673.3,11158.4,13952.2,14066.5,14583.4,10543.0,10697.5,10893.9,12236.6,12964.5,11914.8,11573.3,11970.9,14331.7,14745.1,15019.1,13355.1,13042.4,11468.8,13330.4,12175.2,14386.1,12370.8,13468.5,11036.7,12490.0,12712.9,12915.8,11205.3,11053.3,13724.6,14057.3,13997.8,11374.6,12025.6,11532.4,11927.7,11031.9,11432.8,11028.1,11048.9,11370.7,11734.2,11588.4,12723.6,13622.3,13418.6,11498.9,9685.5,9790.2,11654.7,13790.9,14607.9,14501.1,13772.5,14094.3,12998.2,11850.1,11962.5,14009.0,16048.7,16711.3,16371.1,15799.8,16067.6,15929.0,16583.1,16172.5,15838.8,16712.1,16362.7,16055.0,14707.6,16292.1,16186.5,16070.4,14505.9,14479.1,14993.2,15507.5,16254.9,16640.9,16832.4,17314.1,17237.6,18492.1,18427.6,16132.7,13470.3,11502.7,14425.9,14423.2,13751.4,10402.6,10719.0,11641.2,11891.8,10626.6,10906.4,11790.1,11935.4,13039.4,12926.0,13714.7,11883.9,12404.3,11954.0,13655.6,13605.4,14223.3,13748.8,13742.4,15036.7,14880.5,13291.7,12590.6,11972.0,13073.9,11958.7,12466.7
"수출입물가비율(2020=100)",-,-,-,-,-,-,-,-,-,-,-,-,-,-,-,-,-,-,-,-,-,-,-,-,-,-,-,-,-,-,-,-,-,-,-,-,156.1,156.8,157.6,158.3,159.3,159.6,159.1,158.6,158.6,157.9,157.1,156.0,155.8,155.4,154.3,153.3,152.3,152.0,151.6,151.3,151.8,151.6,151.9,151.0,150.2,148.6,145.9,143.1,140.4,138.6,137.5,135.9,134.6,134.0,134.2,134.1,132.8,131.3,130.0,128.3,126.1,124.3,123.1,122.8,123.5,124.8,125.7,125.0,124.7,123.8,122.4,120.2,118.8,118.5,118.6,118.9,118.2,116.7,114.3,112.3,110.6,109.2,107.6,106.0,103.9,101.8,99.9,100.1,101.5,104.5,107.8,110.7,111.9,112.1,111.9,113.1,113.3,112.3,110.8,109.3,108.9,107.6,106.4,105.2,104.6,104.9,104.6,104.2,103.4,103.3,103.3,102.5,101.3,99.6,98.3,96.8,95.5,94.3,93.5,92.5,91.8,91.1,90.8,90.5,90.3,90.3,89.8,89.5,89.0,88.7,88.1,88.0,88.5,89.9,90.8,90.8,89.9,89.6,89.9,90.4,90.8,91.1,91.5,91.9,92.7,93.2,93.6,93.3,92.9,92.6,92.7,92.5,92.4,92.2,92.3,92.2,92.2,92.1,92.4,92.9,93.8,95.0,96.5,98.6,101.4,103.0,103.9,103.8,104.1,104.5,104.9,105.8,106.5,106.5,106.4,106.8,108.1,108.9,108.9,107.8,106.5,105.5,105.2,105.2,105.6,105.5,105.8,105.6,105.3,104.9,105.1,105.7,106.2,106.7,107.3,107.5,107.2,106.6,105.9,105.1,104.0,103.6,102.9,102.1,100.7,99.9,99.7,100.0,100.0,99.2,98.9,99.4,100.0,99.3,97.8,96.4,95.8,96.0,96.3,96.6,96.3,96.4,95.9,95.3,94.7,95.2,97.3,100.5,101.9,101.3,99.8,99.8,100.8,101.5,101.6,100.9,99.8,98.6,97.9,98.6,99.2,99.2,98.4,97.9,97.6,96.3,95.1,94.4,93.7,92.3,90.2,89.7,89.7,90.3,90.2,90.2,90.0,89.7,89.5,89.7,89.6,89.1,88.9,88.8,89.6,90.2,90.8,90.9,90.5,90.1,89.9,90.3,90.9,91.4,91.7,92.0,92.3,92.8,93.1,93.5,93.9,93.9,93.9,93.9,93.8,93.7,93.8,94.4,95.0,95.1
"코스피(1980.1.4=100)",-,-,-,-,-,-,-,-,-,-,-,-,-,-,-,-,-,-,-,-,-,-,-,-,-,-,-,-,-,-,-,-,-,-,-,-,604.9,595.1,591.1,576.1,583.4,620.9,660.1,699.5,725.8,743.5,762.6,782.3,811.9,838.1,862.9,883.4,860.5,825.8,772.2,762.7,784.1,818.4,849.4,861.8,879.9,913.7,952.0,969.4,960.9,961.9,996.3,1050.6,1110.5,1154.6,1205.1,1261.0,1323.8,1353.3,1350.9,1363.1,1378.8,1351.3,1305.3,1281.1,1316.9,1342.2,1371.5,1392.2,1400.7,1411.0,1415.3,1461.2,1521.2,1628.8,1760.3,1827.0,1868.5,1899.5,1936.1,1944.5,1853.7,1775.3,1691.0,1705.8,1758.2,1793.9,1724.9,1621.8,1517.9,1395.3,1240.8,1130.2,1115.1,1137.0,1145.6,1200.8,1287.7,1372.6,1418.6,1477.7,1565.8,1622.7,1624.5,1620.2,1637.4,1642.6,1648.9,1664.9,1681.4,1690.2,1690.4,1728.4,1769.7,1822.6,1876.7,1939.0,2006.3,2032.3,2032.4,2052.9,2092.6,2116.5,2115.5,2031.4,1936.8,1828.8,1825.2,1849.3,1871.0,1919.1,1972.5,2007.5,1968.6,1910.3,1853.9,1864.8,1902.3,1940.8,1936.1,1940.2,1954.9,1979.9,1985.4,1969.7,1967.9,1932.6,1910.2,1884.4,1917.7,1970.4,2008.0,2009.3,1982.1,1958.1,1946.1,1960.4,1979.2,1993.5,2003.7,2026.0,2041.9,2015.5,1981.7,1948.1,1940.9,1941.3,1964.9,2027.0,2078.3,2095.3,2078.9,2024.8,1983.4,1970.9,1989.0,1999.6,1957.7,1922.3,1923.9,1957.8,1979.8,1980.0,1982.1,2005.4,2027.3,2038.4,2020.1,2013.2,2021.7,2055.4,2093.6,2126.4,2199.4,2278.1,2362.3,2385.8,2385.6,2409.0,2462.7,2494.7,2507.4,2475.9,2470.5,2449.6,2457.0,2438.0,2380.0,2320.9,2291.8,2248.2,2181.4,2102.3,2085.1,2127.4,2158.0,2194.7,2153.6,2134.8,2090.6,2043.0,2023.0,2018.4,2079.9,2113.9,2159.7,2172.5,2052.4,1934.5,1867.2,1983.2,2098.6,2226.9,2305.8,2359.7,2411.2,2539.3,2783.1,2979.2,3071.4,3096.7,3122.3,3197.8,3227.6,3232.1,3192.9,3104.7,3032.0,2980.9,2939.5,2859.4,2762.8,2708.6,2676.7,2602.2,2488.7,2439.1,2392.1,2347.9,2327.3,2336.4,2380.4,2391.3,2410.1,2463.7,2488.4,2548.9,2572.6,2585.1,2566.8,2499.3,2465.0,2468.2,2510.4,2567.5,2616.2,2668.1,2694.8,2711.0,2756.0,2735.1,2683.6,2612.6,2564.6,2514.6,2483.9,2508.8,2556.2,2545.7,2559.4,2680.5
" 장단기금리차(%p)",-,-,-,-,-,-,-,-,-,-,-,-,-,-,-,-,-,-,-,-,-,-,-,-,-,-,-,-,-,-,-,-,-,-,-,-,0.99,0.84,0.72,0.61,0.53,0.35,0.45,0.73,0.91,1.06,1.10,1.31,1.35,1.37,1.30,1.21,1.08,0.98,0.84,0.65,0.45,0.26,0.19,0.15,0.31,0.65,0.96,1.04,0.84,0.72,0.82,1.09,1.38,1.54,1.69,1.71,1.69,1.43,1.27,1.15,1.11,1.01,0.87,0.69,0.50,0.30,0.27,0.30,0.36,0.36,0.31,0.28,0.34,0.53,0.70,0.66,0.54,0.45,0.51,0.66,0.67,0.53,0.31,0.14,0.22,0.42,0.76,0.83,0.76,0.51,0.70,0.83,1.25,1.70,2.27,2.63,2.66,2.68,2.70,2.80,2.82,2.90,2.87,2.84,2.81,2.79,2.69,2.55,2.43,2.42,2.35,2.22,1.96,1.68,1.57,1.53,1.61,1.61,1.50,1.32,1.08,0.92,0.79,0.64,0.50,0.38,0.31,0.29,0.25,0.26,0.33,0.38,0.35,0.26,0.14,0.04,-0.04,-0.04,0.02,0.13,0.15,0.14,0.04,-0.03,-0.01,0.20,0.47,0.68,0.71,0.67,0.66,0.71,0.77,0.74,0.71,0.68,0.65,0.59,0.45,0.40,0.38,0.40,0.38,0.35,0.29,0.22,0.15,0.14,0.22,0.32,0.47,0.50,0.47,0.38,0.38,0.39,0.39,0.27,0.17,0.10,0.09,0.09,0.07,0.06,0.05,0.11,0.27,0.45,0.58,0.62,0.63,0.65,0.66,0.64,0.67,0.69,0.73,0.84,0.95,0.97,0.95,0.93,1.00,1.01,1.00,0.98,0.94,0.85,0.73,0.66,0.59,0.43,0.26,0.12,0.11,0.07,0.02,-0.08,-0.16,-0.25,-0.23,-0.13,0.08,0.20,0.24,0.18,0.21,0.31,0.41,0.53,0.56,0.62,0.64,0.66,0.74,0.77,0.82,0.83,0.92,1.01,1.11,1.15,1.17,1.15,1.09,1.17,1.27,1.25,1.15,1.11,1.24,1.49,1.64,1.82,1.65,1.43,1.26,1.26,1.20,0.84,0.45,0.18,0.07,-0.05,-0.15,-0.16,-0.04,0.12,0.22,0.38,0.39,0.20,-0.06,-0.21,-0.16,-0.11,-0.07,-0.11,-0.24,-0.42,-0.53,-0.51,-0.43,-0.35,-0.36,-0.33,-0.24,-0.21,-0.21,-0.16
" 동행종합지수(2020=100)",46.2,46.5,46.9,47.2,47.8,48.2,48.9,49.2,49.4,49.4,49.5,49.5,49.6,49.8,50.0,50.2,50.6,50.9,50.9,51.2,51.7,52.2,52.7,52.8,53.3,53.9,54.6,55.0,55.2,55.2,55.5,55.7,56.2,56.4,56.7,56.8,56.9,56.9,56.9,56.7,56.9,57.1,57.2,57.4,57.6,58.0,58.2,58.6,58.9,59.4,59.8,59.9,59.9,60.0,59.9,59.8,60.0,60.1,60.3,60.3,60.5,60.6,60.9,61.0,61.3,61.5,61.7,61.9,62.1,62.4,63.0,63.4,63.8,64.0,64.3,64.5,64.8,64.9,64.6,64.8,65.2,66.0,66.5,66.7,66.9,67.2,67.5,67.8,68.1,68.2,68.5,68.8,68.9,69.3,69.6,70.2,70.6,70.8,71.0,70.9,71.0,70.8,70.8,70.8,70.9,71.0,70.6,70.0,69.7,69.7,70.0,70.3,70.5,71.2,71.5,71.8,72.1,72.5,72.8,72.9,73.3,73.9,74.4,74.9,75.4,75.8,76.1,76.2,76.1,76.0,76.2,76.7,77.6,77.6,78.0,77.8,78.4,78.8,79.0,79.3,79.2,79.5,79.5,79.6,79.5,80.0,80.1,80.4,80.6,80.7,81.1,80.8,80.9,80.9,81.3,81.6,81.9,82.0,82.0,82.2,82.4,82.9,83.0,83.3,83.4,83.9,84.1,84.5,84.9,85.2,85.5,85.6,85.6,85.8,86.0,86.3,86.4,86.3,86.4,86.9,87.2,87.8,87.8,88.0,87.8,88.0,88.3,88.9,89.7,90.4,90.5,90.6,90.6,90.7,90.8,90.9,91.4,91.8,92.3,92.7,92.7,92.8,93.3,93.8,94.3,94.6,95.0,95.2,95.6,95.8,95.9,96.2,96.7,96.7,97.1,96.8,97.2,97.5,97.7,97.7,97.9,98.1,98.2,98.4,98.3,98.4,98.5,98.5,98.9,98.5,98.6,98.6,99.2,99.4,99.6,99.9,100.2,100.5,100.5,101.1,101.4,100.9,99.9,99.0,98.2,98.4,98.8,99.4,100.2,100.7,101.5,101.6,101.5,101.7,102.3,103.4,103.8,104.0,104.2,104.4,104.7,105.1,105.7,106.5,107.3,107.6,107.7,107.6,108.0,108.3,108.8,109.4,109.7,109.8,109.6,109.1,108.8,109.2,109.9,110.4,110.7,110.9,110.8,110.9,111.0,111.3,111.6,111.6,111.9,112.1,112.0,112.2,112.0,112.1,111.8,111.9,112.1,112.6,112.3,112.4,112.2,112.5,113.0,113.4,113.1,113.2
" 광공업생산지수(2020=100)",-,-,-,-,-,-,-,-,-,-,-,-,-,-,-,-,-,-,-,-,-,-,-,-,-,-,-,-,-,-,-,-,-,-,-,-,51.6,51.7,51.8,51.9,51.9,52.1,51.7,52.3,52.6,54.2,54.9,55.8,56.1,57.3,57.8,58.6,58.8,58.7,58.2,57.7,58.0,58.5,59.1,59.1,59.9,60.0,61.0,60.9,61.0,60.5,60.7,61.1,61.6,62.5,64.0,64.9,65.8,66.1,66.9,67.0,67.0,66.7,65.5,65.6,66.8,69.6,70.7,70.3,69.6,69.2,69.6,70.1,70.5,70.8,71.0,71.8,72.7,74.6,75.6,76.6,76.9,77.1,77.8,78.1,78.2,77.7,76.9,76.5,76.1,75.9,73.0,67.9,63.0,62.7,65.7,69.3,71.1,73.0,74.7,76.4,78.4,79.2,80.1,80.2,81.3,82.3,83.5,84.8,85.9,86.6,87.0,87.1,87.2,87.6,88.1,89.0,90.5,90.9,91.6,91.1,91.6,91.5,91.9,91.9,91.9,92.5,92.6,92.0,91.4,92.8,93.8,94.5,94.0,93.9,93.2,91.8,91.4,92.0,93.4,94.3,95.0,94.8,94.3,93.5,93.3,93.4,92.9,93.0,92.6,93.5,93.6,94.7,95.0,95.5,95.7,95.9,95.2,95.0,94.9,94.7,93.7,92.3,92.3,93.2,93.5,94.1,93.6,94.0,93.2,93.2,92.7,93.7,94.6,95.5,95.3,94.5,94.0,94.1,94.8,94.9,95.6,95.9,96.5,95.8,95.4,94.8,96.0,96.8,98.7,98.8,99.8,99.4,99.4,98.3,98.2,97.9,98.4,98.7,99.0,98.5,98.5,98.6,98.9,99.5,100.1,101.1,101.3,101.5,101.2,101.3,100.5,99.8,98.7,97.2,97.1,97.7,99.0,99.6,100.1,100.3,101.3,101.2,101.8,102.4,101.8,100.3,99.5,98.9,96.8,95.2,95.3,98.4,100.9,102.6,104.0,104.4,105.0,106.4,107.1,107.5,106.4,106.1,106.9,108.1,108.8,108.9,109.3,111.5,113.4,114.5,114.5,113.9,113.0,112.2,111.6,110.3,108.4,106.0,105.0,102.7,102.2,101.3,103.3,104.0,106.2,106.2,106.0,106.1,107.7,109.2,110.0,109.6,109.2,109.1,108.7,109.9,109.9,110.7,109.4,109.7,110.1,111.8,111.1,111.8,111.2,111.8,112.0,113.2,112.8,111.9
" 서비스업생산지수(도소매업제외)(2020=100)",-,-,-,-,-,-,-,-,-,-,-,-,-,-,-,-,-,-,-,-,-,-,-,-,-,-,-,-,-,-,-,-,-,-,-,-,60.1,60.7,61.3,61.8,62.5,62.9,62.9,63.1,63.1,63.0,63.0,62.4,62.3,62.3,63.0,63.3,63.4,63.5,63.1,62.8,62.6,62.7,62.9,62.5,62.8,63.4,64.3,64.4,64.5,64.8,65.2,65.8,65.9,66.2,66.6,66.8,67.5,67.6,68.2,68.3,68.5,68.5,68.3,68.6,69.2,70.0,70.4,70.9,71.2,71.6,72.0,72.4,72.7,73.4,74.1,75.2,75.1,75.3,75.2,75.8,76.5,77.2,77.7,77.6,77.5,77.3,77.4,77.5,77.6,77.5,77.2,76.6,76.8,77.1,77.6,78.0,78.3,78.9,78.9,79.3,79.8,80.0,80.1,80.3,80.4,80.9,81.3,81.7,82.3,82.4,82.5,81.9,81.4,81.4,81.5,82.0,82.7,82.9,83.4,83.4,83.8,83.9,84.3,84.9,85.0,85.1,84.9,84.5,84.3,84.8,85.4,85.7,85.6,85.7,86.0,86.2,86.5,86.4,86.1,85.7,85.8,86.4,86.8,87.2,87.1,87.4,87.2,87.4,87.5,87.9,87.8,87.7,88.1,88.6,89.4,89.3,89.2,89.4,89.9,90.4,90.5,90.9,91.0,90.9,90.8,91.0,91.8,92.2,92.2,92.1,92.3,92.8,93.3,93.6,93.6,94.1,94.0,94.3,94.2,94.6,94.7,95.2,95.6,96.0,96.3,96.1,95.7,95.6,96.0,96.3,96.5,96.6,97.0,97.2,97.5,97.9,98.4,98.5,98.3,98.0,98.3,98.8,99.1,99.5,99.5,99.8,100.0,100.1,100.3,100.6,100.4,100.2,100.2,100.3,100.5,100.7,101.3,101.2,101.3,101.6,102.1,102.4,102.4,102.8,104.0,104.0,101.9,98.7,96.9,97.6,98.9,99.7,99.8,99.8,100.4,100.6,100.3,100.3,101.8,103.4,104.5,105.1,105.2,104.9,105.0,105.8,107.3,108.2,109.0,108.5,108.8,109.8,111.6,113.2,113.9,114.7,115.3,115.6,115.7,115.7,115.7,116.2,116.5,117.2,117.3,117.6,118.1,118.7,119.2,119.4,119.4,119.5,119.5,120.1,120.1,120.6,120.1,120.1,120.0,120.2,120.0,119.9,120.0,120.7,121.0,121.2,121.3,121.4,121.7,121.8
" 건설기성액(실질)(십억원)",-,-,-,-,-,-,-,-,-,-,-,-,-,-,-,-,-,-,-,-,-,-,-,-,-,-,-,-,-,-,-,-,-,-,-,-,9593.3,9503.9,9433.0,9327.6,9292.9,9506.5,9753.8,9865.5,9699.0,9707.3,9675.3,10029.4,10229.9,10325.8,10225.0,10131.8,10132.4,9942.3,9943.9,9980.3,10214.9,10142.8,9876.1,9697.3,9644.4,9637.8,9778.5,10016.5,10448.2,10524.7,10469.4,10363.5,10237.0,10160.6,10200.6,10187.9,9979.2,9802.4,9926.0,10169.3,10260.1,10128.4,9961.9,9935.9,10272.9,10478.5,10636.7,10388.1,10405.7,10411.7,10478.5,10539.9,10505.5,10428.8,10472.6,10549.5,10489.4,10538.7,10567.0,10839.4,10839.8,10610.3,10301.1,9991.0,9961.2,9732.4,9654.1,9617.2,9796.4,9816.9,9611.2,9184.7,9152.6,9437.1,9711.8,9850.5,9725.2,10112.3,10014.8,9883.4,10006.6,9902.9,10034.7,9583.6,9779.9,9840.8,9972.0,9775.7,9698.9,9649.5,9759.0,9669.6,9408.3,9144.4,9018.1,9167.0,9166.9,8822.1,8772.5,8679.2,8947.3,9052.1,8927.1,8845.1,8632.9,8914.0,8881.7,9111.2,8715.7,8764.8,8413.5,8440.9,8392.6,8262.0,8439.7,8320.9,8553.7,8486.2,8698.7,8696.8,8763.1,8789.8,8779.2,9106.2,9333.5,9520.9,9500.9,9459.9,9443.1,9553.8,9718.5,9676.8,9579.6,9389.9,9293.7,9370.5,9412.6,9512.9,9379.1,9314.9,9244.9,9211.6,9135.2,9135.3,9224.5,9411.9,9374.0,9270.7,9174.7,9389.2,9525.4,9665.9,10037.5,10160.0,10157.1,10110.0,10168.4,10390.9,10429.5,10519.6,10645.9,10866.8,11137.9,11405.5,11543.0,11764.1,12020.2,12158.1,12061.1,12139.3,12338.5,12650.8,12630.2,12535.1,12590.8,12604.2,13124.3,12851.9,12846.7,12343.3,12839.8,12825.2,12662.9,12348.2,12240.3,12209.5,12115.3,12101.7,12056.2,11911.1,11647.4,11469.1,11754.5,11760.8,11857.7,11602.3,11835.3,11944.2,11929.3,11860.9,11732.1,11765.0,11574.5,11626.0,11581.9,11870.0,11940.7,11866.4,11644.8,11513.7,11571.2,11344.4,11549.3,11289.3,11499.4,11212.1,11132.0,10952.1,10868.8,10936.5,10793.7,10681.1,10578.3,10591.5,10613.6,10632.6,10594.3,10767.7,10951.9,10955.1,10688.5,10479.9,10750.2,10865.1,10911.2,10861.7,10948.6,11293.4,11477.8,11585.0,11491.2,11822.2,11975.7,12119.8,11889.1,11924.6,11911.1,11995.6,12150.6,12195.8,12107.7,11640.4,12119.3,12377.7,12537.3,12025.8,11605.6,11509.3,11315.6,11196.5,11076.2,10908.1,10704.6,10511.1,10179.5,10058.8,9836.3,9731.1,9433.8,9508.6
" 소매판매액지수(2020=100)",-,-,-,-,-,-,-,-,-,-,-,-,-,-,-,-,-,-,-,-,-,-,-,-,-,-,-,-,-,-,-,-,-,-,-,-,63.7,62.6,62.0,60.3,60.8,60.9,61.4,61.6,62.0,62.2,62.4,62.0,62.3,62.5,62.4,61.8,61.1,61.9,62.3,62.3,62.3,62.0,62.2,62.0,61.9,62.1,62.1,62.7,63.1,63.4,63.7,64.0,64.3,64.5,65.1,66.3,66.7,66.7,66.3,66.8,67.3,67.4,66.6,66.3,66.1,67.2,67.7,69.1,69.4,70.4,70.3,70.7,70.7,70.4,70.3,70.0,70.6,71.3,71.7,71.9,72.3,72.4,72.6,72.7,72.8,71.7,71.1,70.9,71.1,70.4,69.3,68.7,68.9,70.0,70.7,71.1,71.7,72.5,72.8,72.3,72.6,73.8,74.6,75.1,75.4,77.1,77.6,77.7,77.2,77.6,78.2,78.6,79.0,79.1,79.6,79.9,81.8,81.2,81.3,80.2,81.4,82.0,82.0,82.0,81.9,82.0,81.7,81.8,82.6,83.1,82.8,82.1,82.6,83.2,83.9,83.4,83.4,83.1,83.7,83.9,84.0,84.0,83.6,83.5,83.5,83.8,84.4,84.5,84.4,84.1,84.3,84.5,85.6,85.6,85.7,84.6,84.8,85.0,85.8,86.3,86.1,85.6,85.1,86.3,86.9,88.1,87.7,88.4,88.1,87.6,87.2,87.0,88.2,89.6,90.4,91.1,91.1,91.1,91.2,91.1,92.0,92.5,92.4,92.3,91.1,91.8,91.8,93.1,92.9,93.4,93.0,93.3,93.0,93.5,93.5,93.4,93.8,94.1,95.7,95.8,96.8,96.9,98.1,98.6,98.4,98.0,98.0,98.2,97.7,97.5,97.7,98.5,99.8,99.0,99.8,99.1,100.4,99.6,99.2,99.8,100.0,100.5,100.7,102.2,102.3,99.6,96.3,95.3,97.4,100.6,101.2,101.3,101.2,102.2,102.3,101.9,102.6,102.6,103.2,103.7,104.7,105.4,105.9,106.5,107.5,108.1,108.0,107.7,106.9,106.3,105.7,105.5,105.9,105.3,105.0,106.1,106.7,107.4,105.9,105.2,103.2,104.2,104.5,105.5,104.7,104.9,104.5,104.2,103.5,103.9,104.0,104.3,104.1,102.8,102.0,101.2,101.7,101.7,101.8,102.0,102.4,102.5,102.3,102.0,101.7,102.3,102.4,102.3,101.6,101.4
" 내수출하지수(2020=100)",-,-,-,-,-,-,-,-,-,-,-,-,-,-,-,-,-,-,-,-,-,-,-,-,-,-,-,-,-,-,-,-,-,-,-,-,74.3,73.5,72.9,72.0,71.6,71.7,70.7,70.6,70.9,72.8,73.4,74.1,74.4,75.3,75.0,75.1,74.3,73.9,73.1,72.9,73.0,73.2,73.3,73.4,73.9,73.9,74.2,73.8,73.9,74.1,75.0,75.9,75.7,75.8,76.5,77.6,79.1,79.3,80.0,79.4,79.8,79.7,78.5,78.6,79.4,82.5,83.6,83.8,83.3,83.5,83.6,83.7,84.1,84.3,84.9,84.6,84.6,85.2,86.3,87.6,88.4,88.4,88.6,88.0,87.3,86.5,86.0,85.7,84.9,83.9,81.4,77.7,73.6,73.1,74.7,77.4,78.9,81.5,83.3,84.6,85.7,86.2,87.4,88.2,89.0,89.5,89.8,90.9,91.8,92.5,92.7,92.9,92.8,92.5,93.2,94.0,96.0,96.2,96.8,95.6,95.7,95.6,96.1,96.4,96.4,96.7,96.2,95.5,95.5,96.3,96.1,95.9,95.7,96.2,96.4,95.2,94.9,94.6,95.5,96.4,96.4,96.1,94.6,93.7,93.1,93.8,94.4,95.7,95.5,96.5,95.9,97.1,97.0,97.0,96.6,96.2,96.0,96.3,96.7,96.5,95.5,94.4,94.4,95.1,95.1,95.7,94.8,95.5,94.9,95.6,95.7,97.6,98.9,99.7,99.2,98.9,98.3,97.8,97.9,98.1,98.6,98.7,99.1,99.2,99.6,99.3,100.7,101.5,103.2,102.1,101.7,100.8,101.4,101.6,102.2,102.8,103.2,103.7,103.9,102.8,102.1,101.5,101.1,101.1,101.6,102.9,103.1,103.5,103.4,103.9,103.4,103.0,103.3,101.9,101.5,100.7,100.9,101.1,101.1,102.0,102.6,102.4,102.0,102.3,101.6,98.7,97.2,96.8,96.3,95.9,95.9,98.3,99.7,101.1,102.5,102.6,102.0,101.8,101.4,101.8,101.1,100.8,100.5,100.3,99.4,98.9,99.4,101.0,102.0,101.8,101.1,99.6,99.0,98.6,99.5,100.5,100.3,99.3,98.6,97.7,97.4,97.0,97.4,97.1,97.5,97.6,97.8,97.4,97.2,97.4,98.0,97.8,97.5,96.9,95.9,96.1,95.5,95.6,94.1,94.2,94.4,95.5,94.2,94.0,92.8,93.7,93.6,94.3,92.9,92.2
" 수입액(실질)(백만불)",-,-,-,-,-,-,-,-,-,-,-,-,-,-,-,-,-,-,-,-,-,-,-,-,-,-,-,-,-,-,-,-,-,-,-,-,19925.9,19862.5,19790.4,19736.1,19647.1,19628.0,19436.2,19303.0,19522.3,19881.3,20063.9,20467.0,20779.1,21134.9,21415.6,21661.8,21888.4,21950.2,21902.6,21734.5,21440.3,21494.4,21499.6,21638.2,21584.8,21226.3,21295.5,21082.0,21188.9,21378.2,21279.8,21442.8,21671.9,21870.7,22502.7,22727.9,22907.0,23230.0,23268.4,23500.7,23860.3,23951.4,23765.9,23950.2,24128.1,24293.6,24597.2,24725.2,24893.3,24934.6,25094.6,25559.8,25758.9,25837.7,25979.2,25832.7,25414.6,25626.1,25880.7,26191.4,26918.0,27088.3,27064.4,27175.6,26872.6,26583.6,26714.5,26930.5,27440.1,28215.3,28151.3,27101.4,25914.1,24557.7,23465.0,23421.5,23297.1,23348.6,23920.7,24071.7,24611.3,25029.9,25065.5,25370.8,25485.4,26013.7,26579.8,26903.4,27606.0,27930.6,28117.0,28281.6,28113.8,27837.4,27995.9,27961.8,28342.6,28590.8,28771.8,28845.3,29010.7,29358.0,29343.1,29873.8,29838.8,29762.1,29664.3,29328.2,29056.1,29432.1,29262.5,29651.1,30166.0,30028.0,30514.3,30085.4,29790.9,29662.3,29720.8,30222.2,30546.5,30679.0,30863.0,31003.8,30865.2,30961.0,30982.7,30728.7,30887.5,31259.8,31205.7,31463.6,31778.4,31920.2,32393.8,32791.8,32517.4,32435.0,32372.4,32298.1,32965.4,33231.9,33633.4,34517.7,34790.6,34922.1,34838.4,34329.2,34061.6,33939.9,34405.3,34942.3,35372.0,35719.6,35561.4,35288.1,34732.6,34587.3,34311.6,34025.9,34479.7,34510.6,34537.5,34903.8,34818.8,34551.0,35107.7,34733.4,34963.5,35578.2,36219.8,36743.4,37477.4,38318.2,37850.9,38347.0,38068.0,37705.5,37810.8,37745.7,37904.9,38638.3,38690.1,38701.9,38825.1,38450.8,38557.8,38442.9,37843.4,37741.9,38272.2,38532.6,39001.9,38425.5,37509.3,37541.5,37419.0,37775.6,38196.9,38192.1,38018.3,37824.7,37499.6,37509.6,37879.5,37706.5,38834.4,40016.3,39596.2,39655.3,38802.8,37411.0,38063.3,38660.3,39087.5,39545.9,39625.9,40275.9,40832.8,41830.5,42393.9,42182.8,42177.0,41817.7,41698.3,41977.7,42381.0,43141.4,44050.9,44407.5,44533.6,43729.9,43283.2,43484.5,44395.8,46003.9,46891.5,47141.3,46524.8,45185.9,44742.6,45101.0,45288.9,45166.9,45629.7,45476.3,44114.0,43769.3,42603.3,41856.9,42241.1,42570.1,42638.5,42537.4,42592.0,43305.0,43631.9,43637.2,43735.1,43397.7,43724.9,44300.5,44240.0,44539.2,44394.5,44000.2,45170.4,45515.1,45520.0,46314.8
" 비농림어업취업자수(천명)",-,-,-,-,-,-,-,-,-,-,-,-,-,-,-,-,-,-,-,-,-,-,-,-,-,-,-,-,-,-,-,-,-,-,-,-,20182.1,20162.3,20152.4,20122.7,20132.7,20148.6,20213.2,20250.1,20279.5,20295.9,20331.2,20406.4,20516.6,20641.5,20722.2,20748.6,20724.4,20727.4,20723.6,20713.4,20768.4,20819.1,20891.0,20894.3,20903.8,20927.0,20946.1,20949.0,20951.5,20944.0,20957.8,20961.1,20996.8,21049.1,21119.6,21167.9,21234.0,21269.8,21307.7,21321.9,21354.0,21371.7,21383.4,21395.2,21425.8,21460.5,21506.5,21549.7,21623.1,21676.1,21731.1,21748.8,21771.7,21792.0,21816.1,21837.1,21860.1,21891.2,21937.3,21978.5,22029.9,22057.8,22080.6,22078.1,22087.1,22094.9,22101.3,22097.8,22084.5,22077.3,22063.1,22043.9,22015.1,21976.1,21929.9,21894.6,21884.2,21962.8,22003.6,22064.0,22072.0,22104.8,22138.7,22147.2,22160.4,22163.7,22221.9,22309.8,22428.9,22471.1,22509.0,22493.4,22493.1,22490.0,22521.8,22597.2,22644.5,22705.8,22749.9,22815.9,22875.9,22959.1,23010.7,23057.5,22984.0,23019.5,23037.7,23159.7,23193.0,23244.6,23300.9,23355.0,23411.1,23442.2,23472.3,23469.6,23479.5,23494.0,23488.1,23474.3,23471.9,23473.8,23508.1,23569.3,23657.9,23732.9,23761.2,23795.8,23838.9,23907.9,23998.4,24060.7,24144.5,24224.4,24301.9,24356.2,24342.1,24352.2,24379.5,24481.4,24539.8,24568.6,24579.1,24604.9,24644.8,24693.2,24720.4,24730.0,24723.0,24742.8,24781.7,24824.5,24881.5,24924.8,24963.9,25009.2,25035.0,25031.4,24987.7,24964.8,24987.2,25054.9,25124.6,25193.2,25215.6,25234.4,25235.4,25281.2,25305.4,25343.4,25374.9,25412.4,25432.1,25422.3,25439.1,25437.7,25464.1,25470.4,25498.0,25519.1,25550.1,25528.7,25512.7,25483.5,25479.4,25463.6,25438.6,25410.1,25415.9,25439.6,25521.4,25536.9,25547.9,25550.4,25597.3,25638.6,25657.9,25669.3,25674.2,25697.9,25718.3,25779.8,25835.6,25926.4,25995.9,26035.7,25798.5,25477.8,25204.1,25192.1,25279.2,25364.8,25393.3,25409.4,25460.8,25464.3,25363.2,25325.4,25416.4,25629.1,25728.3,25790.0,25839.6,25884.1,25944.2,25992.9,26059.3,26105.0,26158.1,26276.5,26372.8,26484.2,26518.5,26565.2,26596.4,26615.4,26632.5,26645.2,26659.6,26684.1,26690.5,26736.9,26794.7,26855.7,26894.1,26909.5,26914.1,26910.9,26915.9,26951.6,26960.7,26993.2,27027.9,27100.2,27121.1,27129.6,27087.9,27071.9,27061.0,27075.3,27099.9,27116.3,27122.8,27071.0,27102.4,27172.8,27306.0,27378.5,27411.9,27413.2
" 후행종합지수(2020=100)",47.7,48.2,48.6,48.9,49.3,49.8,50.2,50.4,50.8,51.2,51.7,52.0,52.2,52.3,52.6,53.0,53.5,53.7,53.9,53.9,54.1,54.3,54.5,54.8,54.9,55.1,55.0,55.2,55.4,55.7,55.9,56.1,56.3,56.4,56.5,56.6,57.1,57.3,57.5,57.8,58.0,58.1,58.2,58.3,58.4,58.5,58.7,58.9,59.2,59.4,59.6,59.8,59.8,59.7,59.8,59.9,60.0,60.2,60.4,60.5,60.7,60.9,61.0,61.1,61.3,61.4,61.5,61.6,61.7,61.9,62.2,62.4,62.7,63.0,63.2,63.6,63.8,64.0,64.3,64.5,64.7,64.9,65.1,65.3,65.5,65.8,66.0,66.2,66.3,66.5,66.7,66.9,67.1,67.3,67.6,67.9,68.2,68.4,68.7,68.9,69.2,69.4,69.7,69.9,70.0,70.2,70.3,70.4,70.3,70.0,69.7,69.6,69.5,69.8,69.9,70.1,70.3,70.5,70.7,70.8,71.1,71.5,71.8,72.0,72.3,72.6,72.8,73.0,73.2,73.4,73.6,73.9,74.2,74.5,74.9,75.4,75.8,76.2,76.5,76.8,76.9,77.1,77.3,77.6,77.7,77.9,77.9,78.0,78.2,78.4,78.5,78.6,78.8,79.0,79.2,79.4,79.7,79.9,80.1,80.3,80.6,80.8,81.0,81.1,81.4,81.7,82.1,82.3,82.5,82.7,83.0,83.4,83.6,83.8,84.0,84.3,84.6,84.7,84.9,85.0,85.2,85.5,85.7,85.9,86.0,86.2,86.5,86.9,87.2,87.5,87.6,87.9,88.2,88.5,88.7,88.8,89.0,89.2,89.4,89.5,89.7,89.9,90.1,90.3,90.6,90.8,91.1,91.4,91.6,91.8,92.1,92.4,92.6,92.8,93.0,93.4,93.7,93.9,94.1,94.4,94.7,94.9,95.1,95.3,95.4,95.7,96.1,96.5,96.8,96.9,97.0,97.2,97.5,97.7,98.0,98.2,98.5,98.7,98.8,99.1,99.3,99.5,99.4,99.4,99.5,99.7,99.9,100.2,100.5,100.6,100.8,101.1,101.4,101.8,102.2,102.7,103.1,103.4,103.8,104.1,104.5,105.1,105.7,106.3,106.7,107.2,107.6,108.0,108.4,109.0,109.7,110.4,110.9,111.3,111.8,112.3,112.7,112.9,113.0,113.3,113.5,113.7,113.7,113.7,113.9,114.2,114.5,114.7,114.8,114.9,115.1,115.4,115.6,115.8,115.9,116.1,116.3,116.5,116.7,116.9,117.0,117.4,117.7,118.0,118.1,118.2
" 생산자제품재고지수(2020=100)",-,-,-,-,-,-,-,-,-,-,-,-,-,-,-,-,-,-,-,-,-,-,-,-,-,-,-,-,-,-,-,-,-,-,-,-,42.2,42.9,43.5,44.4,44.8,45.1,45.1,45.4,45.3,45.0,44.6,44.4,44.4,45.0,45.6,46.0,46.2,46.3,46.5,46.7,46.9,47.0,47.3,47.9,48.8,49.3,49.6,50.1,50.6,50.5,50.2,49.6,49.7,49.6,50.0,50.3,50.8,51.8,53.0,54.1,54.6,55.0,55.4,55.4,55.5,55.3,55.5,55.5,56.2,56.8,57.3,57.0,56.9,57.1,57.4,57.7,57.5,57.7,57.7,58.2,58.9,60.2,61.2,62.2,63.0,64.8,65.7,66.3,66.2,66.9,67.3,65.9,63.2,60.5,58.9,57.9,56.8,56.1,55.6,55.7,56.2,56.6,57.0,57.2,58.9,61.1,62.9,64.0,64.2,64.6,64.8,65.2,65.9,66.5,66.9,67.4,67.2,67.2,67.2,68.2,69.5,70.8,71.7,72.5,73.1,74.3,75.7,77.2,77.0,76.8,76.2,76.6,76.8,76.4,75.7,75.9,75.9,76.5,77.1,79.4,81.3,81.7,81.1,80.1,79.6,78.9,79.2,79.5,80.8,81.8,83.3,84.5,84.8,84.6,84.1,84.7,84.9,84.8,84.8,84.7,84.9,84.9,85.1,84.6,84.0,84.1,84.5,85.7,86.4,87.7,88.6,89.9,90.3,90.4,89.9,89.3,89.8,90.9,92.3,92.3,91.8,91.0,90.5,89.7,89.3,88.6,88.5,87.5,86.8,86.4,86.9,87.9,89.2,89.8,90.0,89.6,89.6,90.4,91.0,92.6,93.2,93.8,94.2,94.9,95.3,95.7,95.5,95.8,95.2,95.5,96.7,98.5,98.9,98.5,97.2,97.7,98.4,99.3,100.1,100.0,100.6,100.1,100.5,99.6,99.8,100.2,100.7,100.9,101.1,101.9,101.8,101.8,100.8,99.4,97.4,96.5,96.5,97.0,96.9,96.6,96.1,95.7,96.1,98.0,100.7,103.2,104.5,106.4,106.6,107.0,105.7,105.8,105.3,107.7,110.2,112.2,111.6,110.8,111.9,113.2,115.2,116.1,116.5,118.5,120.3,120.5,118.7,117.9,118.5,118.5,117.2,115.1,113.3,111.9,111.1,110.8,110.6,110.5,110.2,110.2,110.2,110.8,111.0,110.8,109.8,108.0,106.4,104.9,104.0,104.1
" 소비자물가지수변화율(서비스)",-,-,-,-,-,-,-,-,-,-,-,-,-,-,-,-,-,-,-,-,-,-,-,-,-,-,-,-,-,-,-,-,-,-,-,-,2.9,3.1,3.4,3.7,3.8,3.9,3.9,3.9,3.9,3.8,3.8,3.6,3.5,3.5,3.4,3.2,2.9,2.7,2.8,2.9,3.0,3.0,3.1,3.1,3.1,3.1,2.9,2.7,2.5,2.4,2.3,2.2,2.1,2.1,2.0,2.0,2.0,2.1,2.2,2.4,2.6,2.7,2.8,2.8,2.9,3.0,3.0,3.0,2.8,2.8,2.8,2.8,2.9,3.0,3.0,2.9,2.9,2.9,2.9,3.0,3.1,3.1,3.3,3.4,3.5,3.6,3.7,3.8,3.9,3.9,4.0,4.0,4.0,3.7,3.3,2.9,2.5,2.3,2.2,2.2,2.1,2.1,2.0,1.9,1.9,2.0,2.0,1.9,1.8,1.9,1.9,1.8,1.8,1.8,1.8,1.8,1.9,2.1,2.3,2.5,2.7,2.8,2.8,2.9,2.9,2.8,2.7,2.8,2.6,2.5,2.1,1.7,1.4,1.3,1.2,1.2,1.2,1.3,1.3,1.3,1.3,1.4,1.6,1.7,1.7,1.7,1.6,1.6,1.5,1.5,1.4,1.3,1.3,1.2,1.3,1.4,1.6,1.6,1.7,1.7,1.7,1.7,1.7,1.6,1.6,1.6,1.7,1.7,1.6,1.6,1.8,1.9,2.0,2.0,2.0,2.1,2.2,2.3,2.4,2.4,2.4,2.4,2.3,2.3,2.2,2.2,2.1,2.1,2.1,2.2,2.2,2.2,2.1,2.0,1.9,1.9,1.9,1.9,1.9,1.8,1.6,1.5,1.5,1.7,1.7,1.8,1.7,1.6,1.5,1.6,1.6,1.6,1.5,1.4,1.3,1.1,0.9,0.9,0.9,1.0,0.9,0.8,0.6,0.7,0.6,0.5,0.3,0.2,0.2,0.2,0.2,0.2,0.3,0.1,0.2,0.2,0.8,1.0,1.3,1.5,1.7,1.8,1.9,1.9,2.0,2.5,2.6,2.8,2.6,2.8,2.9,3.0,3.2,3.5,3.8,4.1,4.2,4.2,4.1,4.1,4.0,3.9,3.8,3.8,3.8,3.5,3.2,3.0,2.9,2.8,2.9,2.8,2.7,2.6,2.5,2.3,2.3,2.2,2.2,2.2,2.2,2.2,2.1,2.1,2.1,2.1,2.2,2.3,2.4,2.4
" 소비재수입액(실질)(백만불)",-,-,-,-,-,-,-,-,-,-,-,-,-,-,-,-,-,-,-,-,-,-,-,-,-,-,-,-,-,-,-,-,-,-,-,-,2310.0,2280.4,2256.5,2222.5,2209.3,2240.0,2275.7,2319.6,2342.7,2436.6,2533.7,2659.6,2710.2,2703.1,2767.6,2815.4,2820.5,2612.7,2450.1,2321.6,2304.7,2305.4,2256.7,2218.4,2185.1,2166.5,2182.8,2169.1,2253.2,2278.8,2324.6,2351.9,2384.6,2398.0,2409.0,2485.7,2464.1,2487.5,2457.4,2569.3,2605.7,2658.2,2649.9,2680.7,2720.8,2776.2,2844.6,2877.0,2920.0,2988.2,2982.5,2982.8,2936.8,2966.2,3031.4,3070.0,3066.5,3111.8,3197.1,3252.4,3298.6,3263.4,3384.2,3410.6,3486.5,3490.6,3491.5,3504.0,3487.3,3339.3,3137.3,3045.5,2945.1,2890.8,2748.1,2751.3,2760.7,2905.3,2872.5,2905.3,2825.1,2946.5,2959.8,3012.7,3020.8,3111.9,3121.6,3155.2,3270.6,3345.0,3406.0,3388.0,3378.2,3434.3,3466.6,3519.5,3714.9,3766.8,3915.9,3915.2,4053.4,4088.8,4152.9,4181.6,4251.8,4192.3,4151.8,4087.4,4101.8,4086.6,4099.3,4057.8,4076.2,4125.8,4216.5,4170.4,4213.4,4205.8,4277.6,4298.6,4341.9,4405.0,4374.7,4399.9,4400.0,4425.8,4423.2,4412.2,4448.3,4512.8,4612.4,4628.7,4531.2,4612.7,4720.2,4892.9,4805.4,4759.9,4773.9,4891.9,5058.2,5095.6,5104.6,5028.6,5077.9,5228.6,5301.4,5283.7,5193.3,5174.2,5191.9,5309.2,5318.9,5425.4,5324.5,5423.2,5428.9,5461.8,5376.3,5359.2,5427.8,5533.4,5426.2,5420.4,5403.6,5551.4,5594.7,5617.7,5626.1,5648.9,5749.4,5830.6,5807.8,5824.8,5970.6,6218.7,6271.4,6116.2,6039.4,6076.5,6258.4,6376.2,6420.3,6430.5,6408.1,6516.9,6581.2,6549.1,6428.4,6635.8,6684.9,6865.0,6844.8,6694.1,6759.5,6719.1,7010.1,6860.6,6861.2,6906.2,7071.1,7031.4,6828.8,6919.9,6810.6,6750.6,6548.9,6569.7,6753.1,6806.8,6805.1,6919.9,6994.8,7299.8,7431.4,7601.8,7587.7,7674.9,7801.6,7994.8,8170.1,8170.4,8144.0,7959.6,7922.5,7894.1,8127.4,8333.8,8642.7,8805.1,8867.5,8884.7,8989.4,8955.9,9112.9,9382.5,9675.1,9661.2,9383.7,9164.8,9133.4,9099.9,9166.0,9082.2,8902.6,9051.1,8875.7,8809.6,8508.0,8689.5,8772.7,8821.4,8694.5,8569.6,8588.1,8770.4,8854.1,8842.1,8718.8,8796.5,8850.8,8885.1,8803.4,8748.1,8486.0,8993.4,9313.1,9640.4,9244.7,8986.3
" 취업자수(천명)",-,-,-,-,-,-,-,-,-,-,-,-,-,-,-,-,-,-,-,-,-,-,-,-,-,-,-,-,-,-,-,-,-,-,-,-,22277.2,22239.8,22206.3,22165.2,22139.3,22129.9,22167.0,22191.0,22211.1,22226.5,22261.7,22341.8,22463.8,22615.2,22717.9,22731.3,22660.1,22620.0,22587.3,22575.5,22618.4,22678.7,22743.0,22778.9,22781.0,22810.2,22808.5,22817.9,22821.9,22801.7,22797.1,22781.9,22785.0,22815.8,22878.9,22929.9,23002.4,23049.3,23103.9,23114.3,23133.4,23141.8,23152.5,23164.7,23180.8,23215.8,23263.5,23324.7,23397.0,23449.5,23492.7,23501.5,23508.0,23516.3,23530.1,23542.2,23550.9,23579.1,23628.2,23681.7,23734.0,23762.8,23778.3,23777.2,23778.4,23783.0,23788.6,23785.7,23769.5,23758.3,23767.1,23766.3,23745.5,23691.8,23637.2,23598.5,23568.5,23632.0,23666.6,23726.6,23735.0,23760.7,23775.3,23745.2,23716.9,23709.6,23758.7,23863.5,23991.8,24072.5,24131.4,24129.9,24125.2,24111.6,24114.2,24165.6,24150.3,24202.8,24264.3,24391.3,24490.0,24574.7,24618.3,24647.9,24560.8,24595.1,24593.7,24697.8,24691.7,24727.6,24777.9,24868.4,24966.0,25021.1,25046.6,25021.1,25026.9,25034.3,25026.9,24986.7,24952.7,24929.9,24964.2,25055.6,25174.5,25269.6,25305.9,25343.4,25400.5,25467.3,25537.9,25554.9,25620.6,25696.2,25769.4,25825.0,25810.7,25829.6,25838.4,25924.0,25982.6,26003.7,26011.7,26004.6,26035.8,26072.6,26100.2,26098.9,26078.5,26089.3,26124.7,26158.9,26217.1,26245.1,26263.6,26307.2,26333.8,26345.3,26298.4,26267.7,26268.0,26307.7,26361.3,26436.8,26469.2,26497.3,26505.6,26564.2,26593.7,26627.1,26646.1,26677.4,26688.2,26680.2,26697.3,26711.4,26746.0,26762.6,26787.1,26828.8,26880.0,26858.8,26821.8,26780.4,26788.1,26785.1,26766.6,26754.7,26768.7,26800.0,26878.9,26917.7,26955.1,26963.6,26993.3,27003.2,27012.9,27023.8,27047.2,27096.4,27133.3,27201.6,27243.4,27343.2,27439.5,27501.4,27282.5,26937.3,26655.1,26621.6,26715.6,26801.8,26825.4,26841.2,26884.8,26904.6,26805.6,26791.1,26883.8,27090.8,27177.8,27232.4,27289.2,27342.1,27397.5,27449.3,27507.6,27571.6,27647.4,27798.6,27900.8,28004.4,28047.5,28102.0,28144.6,28156.6,28169.6,28171.6,28173.3,28181.1,28177.8,28224.8,28305.4,28380.6,28432.3,28440.3,28437.6,28424.5,28430.6,28475.4,28481.5,28487.7,28505.2,28569.4,28605.5,28631.7,28597.8,28581.2,28550.9,28555.2,28576.8,28589.8,28594.8,28539.0,28580.4,28649.3,28764.1,28802.8,28803.3,28783.2
" CP유통수익률(%p)",-,-,-,-,-,-,-,-,-,-,-,-,-,-,-,-,-,-,-,-,-,-,-,-,-,-,-,-,-,-,-,-,-,-,-,-,4.6,4.7,4.8,5.0,5.1,5.0,4.8,4.5,4.3,4.2,4.2,4.3,4.5,4.5,4.4,4.2,4.1,4.1,4.0,4.0,3.9,3.7,3.6,3.6,3.6,3.6,3.7,3.7,3.7,3.7,3.6,3.6,3.7,3.9,4.0,4.2,4.3,4.4,4.4,4.5,4.5,4.5,4.6,4.8,4.8,4.8,4.8,4.8,4.9,5.0,5.1,5.1,5.2,5.2,5.2,5.3,5.4,5.6,5.7,5.9,6.2,6.2,6.0,5.8,5.8,5.8,5.9,6.0,6.2,6.5,6.9,7.1,6.5,5.2,4.0,3.3,3.1,3.0,2.9,2.8,2.8,2.9,2.9,3.0,3.0,3.1,3.1,3.0,2.8,2.7,2.7,2.8,2.8,2.8,2.8,2.9,3.0,3.1,3.3,3.5,3.6,3.6,3.7,3.7,3.7,3.7,3.7,3.7,3.7,3.7,3.7,3.7,3.6,3.6,3.5,3.4,3.3,3.2,3.1,3.0,3.0,3.0,2.9,2.9,2.8,2.8,2.8,2.7,2.7,2.7,2.8,2.8,2.8,2.8,2.8,2.8,2.8,2.8,2.7,2.7,2.6,2.4,2.3,2.3,2.3,2.3,2.2,2.0,1.9,1.8,1.8,1.7,1.7,1.7,1.7,1.8,1.8,1.8,1.8,1.7,1.7,1.6,1.6,1.5,1.5,1.5,1.5,1.6,1.6,1.7,1.7,1.6,1.6,1.6,1.6,1.6,1.6,1.6,1.6,1.7,1.8,1.8,1.8,1.8,1.8,1.8,1.8,1.8,1.8,1.8,1.8,1.9,1.9,2.0,2.0,2.0,2.0,2.0,1.9,1.8,1.8,1.7,1.7,1.7,1.7,1.7,1.7,1.8,1.9,1.9,1.7,1.5,1.4,1.3,1.1,1.1,1.1,1.0,1.0,1.0,1.0,1.0,1.0,1.0,1.0,1.1,1.2,1.4,1.5,1.6,1.6,1.7,1.8,2.0,2.3,2.6,2.9,3.4,4.2,4.9,5.2,4.9,4.4,4.1,4.0,4.0,4.0,4.0,4.0,4.1,4.2,4.3,4.3,4.3,4.3,4.3,4.2,4.2,4.2,4.0,3.8,3.6,3.6,3.5,3.5,3.4,3.2,3.1,3.0,2.9
