date,bsi_inv_big,bsi_inv_small,3y,10y,shipment,inven,ipi,employ,durable,wti,dubai,iron,copper,gold
1975-01-01,,,,,-,-,,,,,,,,
1975-02-01,,,,,-,-,,,,,,,,
1975-03-01,,,,,-,-,,,,,,,,
1975-04-01,,,,,-,-,,,,,,,,
1975-05-01,,,,,-,-,,,,,,,,
1975-06-01,,,,,-,-,,,,,,,,
1975-07-01,,,,,-,-,,,,,,,,
1975-08-01,,,,,-,-,,,,,,,,
1975-09-01,,,,,-,-,,,,,,,,
1975-10-01,,,,,-,-,,,,,,,,
1975-11-01,,,,,-,-,,,,,,,,
1975-12-01,,,,,-,-,,,,,,,,
1976-01-01,,,,,-,-,,,,,,,,
1976-02-01,,,,,-,-,,,,,,,,
1976-03-01,,,,,-,-,,,,,,,,
1976-04-01,,,,,-,-,,,,,,,,
1976-05-01,,,,,-,-,,,,,,,,
1976-06-01,,,,,-,-,,,,,,,,
1976-07-01,,,,,-,-,,,,,,,,
1976-08-01,,,,,-,-,,,,,,,,
1976-09-01,,,,,-,-,,,,,,,,
1976-10-01,,,,,-,-,,,,,,,,
1976-11-01,,,,,-,-,,,,,,,,
1976-12-01,,,,,-,-,,,,,,,,
1977-01-01,,,,,-,-,,,,,,,,
1977-02-01,,,,,-,-,,,,,,,,
1977-03-01,,,,,-,-,,,,,,,,
1977-04-01,,,,,-,-,,,,,,,,
1977-05-01,,,,,-,-,,,,,,,,
1977-06-01,,,,,-,-,,,,,,,,
1977-07-01,,,,,-,-,,,,,,,,
1977-08-01,,,,,-,-,,,,,,,,
1977-09-01,,,,,-,-,,,,,,,,
1977-10-01,,,,,-,-,,,,,,,,
1977-11-01,,,,,-,-,,,,,,,,
1977-12-01,,,,,-,-,,,,,,,,
1978-01-01,,,,,-,-,,,,,,,,
1978-02-01,,,,,-,-,,,,,,,,
1978-03-01,,,,,-,-,,,,,,,,
1978-04-01,,,,,-,-,,,,,,,,
1978-05-01,,,,,-,-,,,,,,,,
1978-06-01,,,,,-,-,,,,,,,,
1978-07-01,,,,,-,-,,,,,,,,
1978-08-01,,,,,-,-,,,,,,,,
1978-09-01,,,,,-,-,,,,,,,,
1978-10-01,,,,,-,-,,,,,,,,
1978-11-01,,,,,-,-,,,,,,,,
1978-12-01,,,,,-,-,,,,,,,,
1979-01-01,,,,,-,-,,,,,,,,
1979-02-01,,,,,-,-,,,,,,,,
1979-03-01,,,,,-,-,,,,,,,,
1979-04-01,,,,,-,-,,,,,,,,
1979-05-01,,,,,-,-,,,,,,,,
1979-06-01,,,,,-,-,,,,,,,,
1979-07-01,,,,,-,-,,,,,,,,
1979-08-01,,,,,-,-,,,,,,,,
1979-09-01,,,,,-,-,,,,,,,,
1979-10-01,,,,,-,-,,,,,,,,
1979-11-01,,,,,-,-,,,,,,,,
1979-12-01,,,,,-,-,,,,,,,,
1980-01-01,,,,,7.013,6.901,,,,,,,,
1980-02-01,,,,,6.818,6.653,,,,,,,,
1980-03-01,,,,,6.747,7.150,,,,,,,,
1980-04-01,,,,,6.552,7.352,,,,,,,,
1980-05-01,,,,,6.552,7.901,,,,,,,,
1980-06-01,,,,,6.613,8.201,,,,,,,,
1980-07-01,,,,,6.818,8.155,,,,,,,,
1980-08-01,,,,,6.818,8.449,,,,,,,,
1980-09-01,,,,,6.818,8.404,,,,,,,,
1980-10-01,,,,,7.085,8.351,,,,,,,,
1980-11-01,,,,,7.147,8.404,,,,,,,,
1980-12-01,,,,,7.217,7.953,,,,,,,,
1981-01-01,,,,,7.280,7.953,,,,,,,,
1981-02-01,,,,,7.147,8.005,,,,,,,,
1981-03-01,,,,,7.608,8.201,,,,,,,,
1981-04-01,,,,,7.608,8.404,,,,,,,,
1981-05-01,,,,,7.475,8.501,,,,,,,,
1981-06-01,,,,,7.608,8.553,,,,,,,,
1981-07-01,,,,,7.608,8.553,,,,,,,,
1981-08-01,,,,,7.945,8.704,,,,,,,,
1981-09-01,,,,,7.742,9.050,,,,,,,,
1981-10-01,,,,,7.812,9.252,,,,,,,,
1981-11-01,,,,,7.875,9.455,,,,,,,,
1981-12-01,,,,,7.875,9.455,,,,,,,,
1982-01-01,,,,,7.342,9.605,,,,,,,,
1982-02-01,,,,,7.546,9.755,,,,,,,,
1982-03-01,,,,,7.679,9.951,,,,,,,,
1982-04-01,,,,,7.679,10.252,,,,,,,,
1982-05-01,,,,,7.812,10.153,,,,,,,,
1982-06-01,,,,,7.812,10.003,,,,,,,,
1982-07-01,,,,,7.945,10.101,,,,,,,,
1982-08-01,,,,,7.875,9.703,,,,,,,,
1982-09-01,,,,,8.203,9.651,,,,,,,,
1982-10-01,,,,,8.140,9.755,,,,,,,,
1982-11-01,,,,,8.140,9.905,,,,,,,,
1982-12-01,,,,,8.337,9.605,,,,,,,,
1983-01-01,,,,,8.203,10.055,,,,,,,,
1983-02-01,,,,,8.540,9.951,,,,,,,,
1983-03-01,,,,,8.602,9.951,,,,,,,,
1983-04-01,,,,,8.869,9.755,,,,,,,,
1983-05-01,,,,,9.269,9.651,,,,,,,,
1983-06-01,,,,,9.330,9.651,,,,,,,,
1983-07-01,,,,,9.330,9.800,,,,,,,,
1983-08-01,,,,,9.534,9.853,,,,,,,,
1983-09-01,,,,,9.659,9.951,,,,,,,,
1983-10-01,,,,,9.659,10.003,,,,,,,,
1983-11-01,,,,,9.792,9.951,,,,,,,,
1983-12-01,,,,,9.659,9.755,,,,,,,,
1984-01-01,,,,,9.925,10.003,,,,,,,,
1984-02-01,,,,,10.059,10.206,,,,,,,,
1984-03-01,,,,,10.191,10.303,,,,,,,,
1984-04-01,,,,,10.396,10.506,,,,,,,,
1984-05-01,,,,,10.520,10.551,,,,,,,,
1984-06-01,,,,,10.520,10.852,,,,,,,,
1984-07-01,,,,,10.653,10.956,,,,,,,,
1984-08-01,,,,,10.724,11.204,,,,,,,,
1984-09-01,,,,,10.396,11.407,,,,,,,,
1984-10-01,,,,,10.786,11.453,,,,,,,,
1984-11-01,,,,,10.858,11.453,,,,,,,,
1984-12-01,,,,,10.786,11.453,,,,,,,,
1985-01-01,,,,,10.191,11.354,,,,,,,,
1985-02-01,,,,,10.591,11.602,,,,,,,,
1985-03-01,,,,,10.520,11.707,,,,,,,,
1985-04-01,,,,,10.919,11.805,,,,,,,,
1985-05-01,,,,,10.786,12.054,,,,,,,,
1985-06-01,,,,,10.724,12.054,,,,,,,,
1985-07-01,,,,,10.786,11.707,,,,,,,,
1985-08-01,,,,,10.919,12.054,,,,,,,,
1985-09-01,,,,,11.053,12.106,,,,,,,,
1985-10-01,,,,,11.248,12.106,,,,,,,,
1985-11-01,,,,,11.319,11.707,,,,,,,,
1985-12-01,,,,,11.985,11.858,,,,,,,,
1986-01-01,,,,,11.985,12.405,,,,,,,,
1986-02-01,,,,,12.047,12.902,,,,,,,,
1986-03-01,,,,,12.446,12.954,,,,,,,,
1986-04-01,,,,,13.175,12.602,,,,,,,,
1986-05-01,,,,,13.308,12.654,,,,,,,,
1986-06-01,,,,,13.370,12.654,,,,,,,,
1986-07-01,,,,,13.237,12.857,,,,,,,,
1986-08-01,,,,,13.770,13.052,,,,,,,,
1986-09-01,,,,,14.035,12.706,,,,,,,,
1986-10-01,,,,,14.098,12.654,,,,,,,,
1986-11-01,,,,,14.098,12.954,,,,,,,,
1986-12-01,,,,,14.302,13.105,,,,,,,,
1987-01-01,,,,,14.230,13.705,,,,,,,,
1987-02-01,,,,,14.560,14.005,,,,,,,,
1987-03-01,,,,,15.030,14.508,,,,,,,,
1987-04-01,,,,,15.420,14.704,,,,,,,,
1987-05-01,,,,,15.891,14.659,,,,,,,,
1987-06-01,,,,,16.414,14.508,,,,,,,,
1987-07-01,,,,,16.024,14.554,,,,,,,,
1987-08-01,,,,,14.630,14.058,,,,,,,,
1987-09-01,,,,,16.219,13.307,,,,,,,,
1987-10-01,,,,,17.214,13.803,,,,,,,,
1987-11-01,,,,,17.347,14.659,,,,,,,,
1987-12-01,,,,,17.871,14.306,,,,,,,,
1988-01-01,,,,,17.676,15.605,,,,,,,,
1988-02-01,,,,,17.738,15.605,,,,,,,,
1988-03-01,,,,,17.871,15.357,,,,,,,,
1988-04-01,,,,,17.542,15.057,,,,,,,,
1988-05-01,,,,,17.347,15.259,,,,,,,,
1988-06-01,,,,,17.214,15.755,,,,,,,,
1988-07-01,,,,,17.941,15.906,,,,,,,,
1988-08-01,,,,,18.803,15.958,,,,,,,,
1988-09-01,,,,,18.208,16.454,,,,,,,,
1988-10-01,,,,,18.536,16.957,,,,,,,,
1988-11-01,,,,,18.731,17.460,,,,,,,,
1988-12-01,,,,,18.208,17.760,,,,,,,,
1989-01-01,,,,,18.270,18.406,,,,,,,,
1989-02-01,,,,,18.466,18.256,,,,,,,,
1989-03-01,,,,,18.536,18.106,,,,,,,,
1989-04-01,,,,,18.208,17.355,,,,,,,,
1989-05-01,,,,,18.403,17.558,,,,,,,,
1989-06-01,,,,,18.270,18.557,,,,,,,,
1989-07-01,,,,,18.865,18.609,,,,,,,,
1989-08-01,,,,,19.664,19.608,,,,,,,,
1989-09-01,,,,,19.593,19.758,,,,,,,,
1989-10-01,,,,,18.998,19.758,,,,,,,,
1989-11-01,,,,,19.398,20.809,,,,,,,,
1989-12-01,,,,,19.593,21.011,,,,,,,,
1990-01-01,,,,,19.070,21.658,,,,22.6,17.5,14.05,2365.56,409.82
1990-02-01,,,,,19.797,21.959,,,,22.2,16.68,14.05,2358.94,417.18
1990-03-01,,,,,20.658,22.161,,,,20.44,15.76,14.05,2625.7,392.7
1990-04-01,,,,,20.658,21.913,,,,18.53,14.25,14.05,2685.23,374.29
1990-05-01,,,,,19.993,22.409,,,,18.44,14.65,14.05,2740.34,369.2
1990-06-01,,,,,20.525,22.559,,,,16.7,13.28,14.05,2583.81,352.53
1990-07-01,,,,,21.253,22.363,,,,18.64,15.31,14.05,2769.0,362.5
1990-08-01,,,,,21.777,22.259,,,,27.15,25.09,14.05,2956.4,394.63
1990-09-01,,,,,21.981,21.860,,,,33.56,30.35,14.05,3040.17,389.76
1990-10-01,,,,,21.847,22.062,,,,36.34,31.41,14.05,2742.55,381.0
1990-11-01,,,,,21.519,22.663,,,,32.4,28.08,14.05,2583.81,381.79
1990-12-01,,,,,22.247,23.010,,,,27.12,23.26,14.05,2484.61,376.68
1991-01-01,,,,,21.644,23.565,,,,24.96,19.63,15.03,2447.13,383.7
1991-02-01,,,,,22.177,23.761,,,,20.67,14.52,15.03,2447.13,364.39
1991-03-01,,,,,22.177,24.459,,,,19.87,15.01,15.03,2409.65,362.76
1991-04-01,,,,,22.638,24.812,,,,20.82,15.37,15.03,2471.38,358.32
1991-05-01,,,,,22.709,24.564,,,,21.27,15.94,15.03,2340.42,356.96
1991-06-01,,,,,22.576,24.759,,,,20.19,15.41,15.03,2218.07,366.91
1991-07-01,,,,,22.638,25.412,,,,21.41,16.23,15.03,2231.26,367.79
1991-08-01,,,,,23.703,25.712,,,,21.69,16.61,15.03,2236.19,356.67
1991-09-01,,,,,23.571,26.412,,,,21.88,17.8,15.03,2318.58,348.74
1991-10-01,,,,,23.899,26.366,,,,23.25,18.88,15.03,2360.65,358.81
1991-11-01,,,,,23.836,26.816,,,,22.41,18.35,15.03,2375.66,359.59
1991-12-01,,,,,23.969,27.417,,,,19.47,15.3,15.03,2205.92,361.53
1992-01-01,,,,,23.366,27.515,,,,18.81,15.22,14.31,2150.58,354.7
1992-02-01,,,,,24.094,28.416,,,,19.07,15.72,14.31,2208.89,353.78
1992-03-01,,,,,24.698,28.214,,,,18.93,15.75,14.31,2231.79,344.18
1992-04-01,,,,,24.094,28.866,,,,20.24,16.64,14.31,2214.17,338.69
1992-05-01,,,,,24.094,29.017,,,,21.0,17.59,14.31,2219.32,337.1
1992-06-01,,,,,24.564,29.213,,,,22.41,19.01,14.31,2296.44,341.02
1992-07-01,,,,,24.564,29.467,,,,21.76,18.49,14.31,2527.29,352.25
1992-08-01,,,,,24.822,29.467,,,,21.37,17.8,14.31,2513.47,342.89
1992-09-01,,,,,24.298,29.814,,,,21.89,18.38,14.31,2419.61,345.01
1992-10-01,,,,,24.431,29.467,,,,21.71,18.14,14.31,2262.46,344.89
1992-11-01,,,,,24.094,29.565,,,,20.35,17.14,14.31,2161.79,335.05
1992-12-01,,,,,24.564,29.362,,,,19.45,16.22,14.31,2211.95,334.81
1993-01-01,,,,,24.165,29.963,,,,19.09,15.32,12.58,2264.21,329.03
1993-02-01,,,,,24.032,29.865,,,,20.08,16.05,12.58,2212.18,329.3
1993-03-01,,,,,25.293,30.068,,,,20.34,16.31,12.58,2152.38,330.1
1993-04-01,,,,,25.221,30.016,,,,20.28,16.39,12.58,1953.62,342.06
1993-05-01,,,,,25.355,29.917,,,,19.99,16.12,12.58,1799.35,366.67
1993-06-01,,,,,25.293,30.414,,,,19.12,15.64,12.58,1857.87,371.81
1993-07-01,,,,,25.488,30.819,,,,17.88,14.21,12.58,1927.34,392.4
1993-08-01,,,,,25.621,30.714,,,,18.0,14.65,12.58,1951.07,378.7
1993-09-01,,,,,26.482,30.218,,,,17.53,14.13,12.58,1858.25,354.4
1993-10-01,,,,,26.287,29.865,,,,18.17,14.75,12.58,1647.0,362.38
1993-11-01,,,,,26.216,30.264,,,,16.69,13.79,12.58,1632.57,374.17
1993-12-01,,,,,27.405,30.016,,,,14.51,12.22,12.58,1723.63,383.3
1994-01-01,,,,,26.615,30.865,,,,15.01,13.08,11.45,1807.07,387.08
1994-02-01,,,,,27.077,31.067,,,,14.77,12.75,11.45,1865.08,382.3
1994-03-01,,,,,27.610,31.119,,,,14.65,12.08,11.45,1913.17,383.88
1994-04-01,,,,,27.672,30.969,,,,16.35,13.75,11.45,1881.37,377.32
1994-05-01,,,,,28.400,31.765,,,,17.83,14.79,11.45,2144.5,381.59
1994-06-01,,,,,28.862,31.765,,,,19.01,15.69,11.45,2363.09,385.74
1994-07-01,,,,,28.133,31.217,,,,19.62,16.4,11.45,2447.24,385.4
1994-08-01,,,,,28.666,31.420,,,,18.38,15.93,11.45,2409.75,380.76
1994-09-01,,,,,29.465,31.916,,,,17.44,15.25,11.45,2504.84,391.93
1994-10-01,,,,,29.856,32.013,,,,17.66,15.37,11.45,2546.02,389.59
1994-11-01,,,,,30.521,32.013,,,,18.09,15.92,11.45,2803.55,384.44
1994-12-01,,,,,30.326,32.164,,,,17.21,15.46,11.45,2980.7,379.4
1995-01-01,,,,,31.383,32.320,,,26.3,17.98,16.01,12.27,3003.26,378.55
1995-02-01,,,,,31.054,32.451,,,25.8,18.54,16.55,12.27,2870.45,376.51
1995-03-01,,,,,31.978,32.974,,,26.0,18.54,16.33,12.27,2919.67,381.66
1995-04-01,,,,,32.377,33.496,,,26.7,19.76,17.38,12.27,2894.89,391.04
1995-05-01,,,14.81,,31.978,33.626,,,24.7,19.69,17.29,12.27,2771.57,385.22
1995-06-01,,,14.58,,32.838,33.822,,,25.1,18.42,16.19,12.27,2987.68,387.49
1995-07-01,,,14.09,,32.377,34.932,,,26.7,17.32,15.07,12.27,3076.45,386.24
1995-08-01,,,13.13,,32.572,34.997,,,25.8,18.03,15.41,12.27,3040.14,383.7
1995-09-01,,,12.82,,32.510,35.128,,,26.4,18.22,15.53,12.27,2910.43,383.22
1995-10-01,,,12.1,,32.776,35.911,,,26.7,17.44,14.87,12.27,2810.07,383.07
1995-11-01,,,11.92,,32.972,35.911,,,26.0,17.98,15.74,12.27,2981.62,385.68
1995-12-01,,,11.63,,33.700,36.172,,,30.0,19.05,17.17,12.27,2918.21,387.56
1996-01-01,,,11.94,,34.028,37.022,,,27.8,18.9,16.72,12.97,2605.0,400.07
1996-02-01,,,12.01,,34.889,38.327,,,27.6,19.08,16.0,12.97,2544.67,404.48
1996-03-01,,,11.92,,34.827,39.111,,,28.0,21.33,16.97,12.97,2563.35,396.33
1996-04-01,,,11.04,,35.555,39.960,,,28.2,23.53,17.66,12.97,2594.17,393.14
1996-05-01,,,11.01,,35.289,40.874,,,30.1,21.27,16.92,12.97,2658.76,391.94
1996-06-01,,,11.51,,34.295,41.266,,,29.6,20.44,17.31,12.97,2177.6,385.27
1996-07-01,,,11.85,,34.889,41.853,,,28.3,21.31,17.72,12.97,1983.93,383.59
1996-08-01,,,12.27,,34.889,42.310,,,28.2,21.93,18.6,12.97,2017.86,387.47
1996-09-01,,,12.19,,35.484,42.376,,,28.0,23.91,20.27,12.97,1935.07,382.96
1996-10-01,,,12.08,,35.821,41.853,,,28.2,24.9,21.63,12.97,1960.2,381.07
1996-11-01,,,12.12,,35.484,42.310,,,30.2,23.71,20.95,12.97,2215.43,378.52
1996-12-01,,,12.19,,36.611,42.179,,,30.4,25.52,21.57,12.97,2264.6,368.98
1997-01-01,,,12.17,,34.099,42.441,,,23.9,25.2,21.41,13.04,2427.27,355.2
1997-02-01,,,12.1,,36.149,43.485,,,29.4,22.22,18.89,13.04,2406.63,346.71
1997-03-01,,,12.32,,36.744,44.530,,,28.0,20.97,18.17,13.04,2420.18,351.81
1997-04-01,,,12.4,,37.801,45.249,,,31.1,19.72,16.76,13.04,2389.32,344.58
1997-05-01,,,12.4,,37.872,45.379,,,31.3,20.85,18.48,13.04,2513.3,343.7
1997-06-01,,,11.72,,38.396,45.444,,,28.9,19.16,17.27,13.04,2611.29,340.48
1997-07-01,,,11.65,,37.668,44.465,,,31.1,19.63,17.28,13.04,2449.2,324.09
1997-08-01,,,11.65,,39.523,43.159,,,32.8,19.93,17.69,13.04,2250.1,324.05
1997-09-01,,,11.65,,38.663,43.812,,,31.3,19.78,17.96,13.04,2104.31,324.48
1997-10-01,,,11.65,,38.271,44.008,,,27.9,21.26,19.06,13.04,2050.7,323.88
1997-11-01,,,12.4,,37.473,44.465,,,27.7,20.07,18.51,13.04,1918.5,305.35
1997-12-01,,,14.96,,37.411,44.073,,,22.4,18.31,16.35,13.04,1761.45,287.62
1998-01-01,,,15.0,,34.490,43.029,,,18.7,16.75,13.7,13.41,1687.6,289.5
1998-02-01,,,15.0,,33.762,43.094,,,19.2,16.06,12.44,13.41,1664.0,297.46
1998-03-01,,,15.09,,32.972,42.310,,,19.0,15.02,11.51,13.41,1747.16,295.95
1998-04-01,,,17.13,,32.901,41.592,,,19.0,15.25,12.23,13.41,1800.13,308.29
1998-05-01,,,16.86,,32.838,41.135,,,17.7,14.85,12.76,13.41,1731.66,298.98
1998-06-01,,,15.04,,32.643,41.462,,,17.7,13.66,11.91,13.41,1656.6,292.54
1998-07-01,,,12.57,,32.110,40.352,,,17.4,14.1,12.04,13.41,1655.67,292.75
1998-08-01,,,11.72,,32.901,39.894,,,17.4,13.36,12.21,13.41,1619.93,284.11
1998-09-01,,,11.84,,34.427,38.523,,,18.5,14.93,13.08,13.41,1646.77,288.98
1998-10-01,,,9.4,,36.079,37.348,,,20.1,14.39,12.81,13.41,1585.5,295.71
1998-11-01,,,8.34,,36.611,36.826,,,19.7,12.78,11.76,13.41,1573.72,293.72
1998-12-01,,,7.23,,37.277,36.565,,,20.3,11.27,10.11,13.41,1475.76,291.68
1999-01-01,,,6.67,,37.411,36.042,,,21.5,12.44,10.76,11.93,1432.0,286.94
1999-02-01,,,7.08,,39.061,35.781,,,21.9,12.0,10.08,11.93,1412.95,287.66
1999-03-01,,,6.81,,40.518,34.736,,,22.5,14.66,12.36,11.93,1378.48,286.21
1999-04-01,,,6.37,,40.385,34.018,,,22.5,17.31,14.89,11.93,1463.73,282.62
1999-05-01,,,6.75,,41.707,34.149,,,23.5,17.74,15.31,11.93,1510.45,276.91
1999-06-01,,,6.88,,41.840,34.997,,56.8,24.2,17.89,15.58,11.93,1422.16,261.31
1999-07-01,,,7.89,,43.429,34.671,,56.7,25.3,20.05,17.83,11.93,1639.18,256.69
1999-08-01,,,8.91,,43.101,34.932,,57.3,26.2,21.26,19.38,11.93,1646.74,256.91
1999-09-01,,,9.33,,45.223,35.455,,58.0,26.4,23.8,22.04,11.93,1749.68,264.31
1999-10-01,,,8.28,,45.951,35.716,,58.2,29.1,22.59,21.37,11.93,1723.29,310.78
1999-11-01,,,8.46,,48.002,35.977,,58.3,29.5,25.08,23.1,11.93,1726.77,293.18
1999-12-01,,,8.85,,47.407,37.282,,58.1,28.6,26.04,23.59,11.93,1764.88,282.95
2000-01-01,,,9.28,,48.996,38.215,52.5,57.8,31.0,27.22,23.36,12.45,1843.85,284.07
2000-02-01,,,8.99,,49.395,38.614,52.6,57.9,32.1,29.36,24.72,12.45,1807.03,299.72
2000-03-01,,,9.06,,49.395,39.411,53.6,58.1,30.9,29.89,25.1,12.45,1739.8,286.92
2000-04-01,,,8.95,,49.057,38.497,53.4,58.2,30.7,25.8,22.35,12.45,1681.91,279.65
2000-05-01,,,8.96,,50.514,38.876,54.9,58.4,31.7,28.83,25.63,12.45,1785.1,276.74
2000-06-01,,,8.66,,50.123,39.176,55.1,58.5,32.7,31.86,27.15,12.45,1752.07,285.73
2000-07-01,,,8.0,,52.103,39.352,55.7,58.9,34.8,29.98,26.14,12.45,1803.14,281.59
2000-08-01,,,7.85,,52.902,39.272,55.4,58.9,31.5,31.22,27.17,12.45,1857.12,274.43
2000-09-01,,,7.96,,51.508,39.770,54.9,58.8,31.0,33.86,30.1,12.45,1961.89,273.53
2000-10-01,,,7.84,8.25,50.514,40.787,54.9,59.0,30.5,33.08,30.57,12.45,1894.37,269.93
2000-11-01,,,7.31,7.86,49.652,41.529,54.4,58.8,30.0,34.56,30.38,12.45,1795.6,266.3
2000-12-01,,,6.79,7.18,49.652,41.960,53.5,58.5,29.6,28.39,22.09,12.45,1852.4,271.45
2001-01-01,,,5.99,6.65,49.919,43.094,54.7,57.9,29.7,29.48,22.6,12.99,1787.06,265.49
2001-02-01,,,5.43,6.41,49.529,43.675,55.0,57.8,31.5,29.58,24.81,12.99,1766.13,262.09
2001-03-01,,,5.84,7.0,49.919,43.901,55.0,58.1,32.8,27.24,23.58,12.99,1742.16,263.03
2001-04-01,,,6.59,7.74,50.186,43.827,56.0,59.1,33.7,27.45,24.25,12.99,1665.97,260.33
2001-05-01,,,6.46,7.58,50.718,43.829,56.8,59.3,34.5,28.61,25.42,12.99,1684.85,272.09
2001-06-01,,,6.04,7.14,50.913,43.675,56.4,59.2,35.6,27.6,25.72,12.99,1610.47,270.2
2001-07-01,,,5.75,6.83,49.857,43.259,56.1,59.3,34.8,26.44,23.4,12.99,1526.77,267.53
2001-08-01,,,5.15,6.29,51.179,42.699,57.3,59.4,34.3,27.47,24.56,12.99,1466.41,272.09
2001-09-01,,,4.89,6.19,51.046,42.697,57.6,59.5,36.5,26.21,24.24,12.99,1427.7,284.47
2001-10-01,,,4.74,6.54,51.713,42.500,57.9,59.5,35.9,22.21,19.93,12.99,1377.38,282.27
2001-11-01,,,5.34,6.88,51.908,42.143,58.4,59.6,35.8,19.58,17.5,12.99,1434.29,277.18
2001-12-01,,,5.93,7.01,50.451,42.142,57.2,59.6,33.1,19.32,17.84,12.99,1472.85,275.84
2002-01-01,,,6.08,7.1,52.440,41.581,59.4,59.7,39.0,19.61,18.35,12.68,1508.23,281.0
2002-02-01,,,5.92,7.0,54.162,40.916,59.9,60.0,38.5,20.78,19.15,12.68,1561.37,295.29
2002-03-01,,,6.3,7.17,54.687,40.063,60.6,59.9,39.6,24.51,22.97,12.68,1607.39,294.05
2002-04-01,,,6.47,7.3,54.757,40.497,61.3,60.2,39.8,26.27,24.32,12.68,1588.57,302.68
2002-05-01,,,6.3,7.09,54.358,39.931,61.2,60.1,42.3,27.0,24.61,12.68,1597.02,314.49
2002-06-01,,,5.93,6.76,52.964,41.122,61.1,60.2,38.6,25.52,23.83,12.68,1650.59,321.18
2002-07-01,,,5.7,6.54,54.358,41.271,62.4,60.2,39.5,26.93,24.49,12.68,1588.28,313.29
2002-08-01,,,5.37,6.24,55.085,42.018,61.5,60.1,41.6,28.38,25.22,12.68,1482.92,310.28
2002-09-01,,,5.37,6.16,55.414,41.313,62.0,60.3,38.2,29.63,26.97,12.68,1478.93,319.14
2002-10-01,,,5.39,6.11,55.619,41.503,62.2,60.1,38.6,28.85,25.97,12.68,1486.17,316.56
2002-11-01,,,5.29,5.8,56.214,41.450,62.4,59.9,39.8,26.32,23.38,12.68,1581.04,320.44
2002-12-01,,,5.28,5.77,56.674,41.936,62.1,60.2,37.4,29.55,26.02,12.68,1592.96,332.04
2003-01-01,,,4.96,5.43,55.814,42.372,62.3,59.7,38.7,32.91,27.88,13.82,1650.31,356.86
2003-02-01,99.0,98.0,4.73,5.15,56.009,43.439,61.7,59.6,37.2,35.92,30.2,13.82,1682.15,358.97
2003-03-01,95.0,95.0,4.78,5.2,56.346,44.196,62.3,59.5,36.4,33.22,27.52,13.82,1655.69,340.55
2003-04-01,87.0,91.0,4.6,5.03,55.752,44.925,62.4,59.2,36.3,28.36,23.56,13.82,1587.87,328.18
2003-05-01,91.0,91.0,4.27,4.68,55.680,44.799,62.4,59.2,35.9,28.22,24.32,13.82,1651.1,355.68
2003-06-01,87.0,90.0,4.07,4.46,57.136,45.114,63.3,59.2,34.5,30.72,25.67,13.82,1685.11,356.35
2003-07-01,85.0,92.0,4.37,4.95,54.491,45.022,62.8,59.4,34.6,30.75,26.73,13.82,1712.83,351.02
2003-08-01,91.0,88.0,4.62,5.26,57.074,45.422,63.6,59.3,35.4,31.59,27.87,13.82,1756.73,359.77
2003-09-01,91.0,91.0,4.25,4.77,58.663,44.863,63.6,59.2,36.6,28.45,25.3,13.82,1789.67,378.95
2003-10-01,90.0,92.0,4.28,4.87,59.791,44.256,64.2,59.4,35.8,30.33,27.29,13.82,1925.58,378.92
2003-11-01,89.0,92.0,4.77,5.35,59.720,44.237,64.2,59.4,35.1,30.96,27.4,13.82,2053.28,389.91
2003-12-01,93.0,93.0,4.87,5.43,60.847,44.546,64.2,59.7,33.2,32.2,27.98,13.82,2202.04,406.95
2004-01-01,98.0,97.0,4.88,5.42,61.380,44.288,64.9,60.2,37.6,34.15,29.06,16.39,2421.48,413.79
2004-02-01,97.0,96.0,4.83,5.43,62.499,45.843,65.6,60.5,35.8,34.72,28.83,16.39,2751.72,404.88
2004-03-01,95.0,96.0,4.58,5.26,62.037,46.277,65.2,60.4,34.9,36.76,30.56,16.39,3000.28,406.67
2004-04-01,96.0,97.0,4.54,5.25,62.765,45.711,65.8,60.2,36.3,36.72,31.63,16.39,2926.98,403.26
2004-05-01,99.0,95.0,4.39,5.16,63.431,46.433,65.7,59.8,35.3,40.27,34.75,16.39,2728.46,383.78
2004-06-01,97.0,94.0,4.28,5.01,61.709,46.392,64.9,59.9,35.9,38.04,33.57,16.39,2689.05,392.37
2004-07-01,96.0,95.0,4.19,4.88,61.380,46.515,64.8,59.7,36.9,40.69,35.04,16.39,2816.8,398.09
2004-08-01,96.0,97.0,3.82,4.33,61.770,46.968,65.0,59.5,36.8,44.94,38.61,16.39,2844.2,400.51
2004-09-01,98.0,94.0,3.59,4.14,63.102,47.048,65.6,60.1,37.6,45.86,35.98,16.39,2903.17,405.28
2004-10-01,98.0,95.0,3.54,4.05,63.297,46.873,65.4,60.1,38.6,53.17,38.21,16.39,3009.4,420.46
2004-11-01,93.0,95.0,3.42,3.96,64.159,47.960,65.3,59.9,37.6,48.53,34.72,16.39,3130.31,439.38
2004-12-01,93.0,95.0,3.28,3.85,62.836,48.839,64.8,60.3,37.8,43.28,34.14,16.39,3139.79,442.08
2005-01-01,92.0,95.0,3.65,4.42,65.748,49.536,66.9,60.0,36.0,46.99,38.32,28.11,3168.1,424.03
2005-02-01,97.0,92.0,4.19,4.88,64.026,49.404,66.4,60.0,35.6,47.99,39.67,28.11,3247.1,423.35
2005-03-01,98.0,97.0,4.04,4.77,65.153,49.780,67.6,60.2,35.9,54.09,46.08,28.11,3378.9,434.32
2005-04-01,99.0,99.0,3.86,4.69,64.621,50.992,67.2,59.9,36.9,53.04,47.1,28.11,3389.81,429.23
2005-05-01,98.0,98.0,3.71,4.42,64.221,50.859,67.3,59.9,37.0,49.92,45.07,28.11,3241.9,421.87
2005-06-01,91.0,100.0,3.79,4.46,65.676,49.675,67.7,59.9,37.0,56.31,51.1,28.11,3529.73,430.66
2005-07-01,99.0,96.0,4.12,4.89,65.881,50.104,68.0,59.8,39.4,58.71,52.98,28.11,3608.48,424.48
2005-08-01,97.0,97.0,4.33,5.08,66.076,48.964,68.4,59.7,38.2,64.97,56.83,28.11,3791.91,437.93
2005-09-01,99.0,98.0,4.52,5.15,66.015,50.106,68.6,59.7,37.5,65.66,56.93,28.11,3850.66,456.05
2005-10-01,97.0,100.0,4.81,5.36,67.399,49.832,69.2,59.8,38.5,62.37,53.58,28.11,4056.17,469.9
2005-11-01,100.0,99.0,5.1,5.68,70.382,50.172,70.8,59.9,40.5,58.31,51.4,28.11,4278.16,476.67
2005-12-01,99.0,101.0,5.06,5.6,69.387,50.918,69.6,59.9,42.9,59.37,53.24,28.11,4577.03,510.1
2006-01-01,99.0,101.0,5.02,5.58,71.900,51.433,70.8,60.2,40.4,65.23,58.46,33.45,4743.86,549.86
2006-02-01,100.0,100.0,4.87,5.28,69.849,53.147,70.5,60.1,41.1,61.54,57.34,33.45,4974.98,555.0
2006-03-01,100.0,100.0,4.93,5.42,70.648,54.434,71.0,60.1,40.7,62.9,58.45,33.45,5123.67,557.09
2006-04-01,98.0,102.0,4.95,5.45,70.116,54.569,71.7,60.0,40.9,69.67,64.54,33.45,6404.44,610.65
2006-05-01,100.0,102.0,4.78,5.2,71.376,54.848,72.0,60.0,41.2,70.96,65.3,33.45,8059.19,675.39
2006-06-01,96.0,100.0,4.89,5.25,70.976,55.505,70.5,60.0,41.4,70.96,65.16,33.45,7222.77,596.15
2006-07-01,98.0,100.0,4.89,5.16,68.065,56.019,69.2,59.9,38.3,74.36,69.01,33.45,7726.74,633.71
2006-08-01,98.0,99.0,4.77,4.94,72.104,54.755,72.7,59.9,41.9,73.05,68.75,33.45,7690.25,632.59
2006-09-01,98.0,99.0,4.69,4.89,73.755,55.753,73.0,59.9,43.9,64.12,59.61,33.45,7622.64,598.19
2006-10-01,98.0,99.0,4.62,4.79,75.744,55.295,74.9,59.9,44.2,58.88,56.34,33.45,7497.41,585.78
2006-11-01,96.0,98.0,4.72,4.91,75.282,55.407,74.6,60.1,44.2,59.29,56.83,33.45,7029.3,627.83
2006-12-01,96.0,99.0,4.82,4.95,73.427,55.746,73.2,60.2,52.8,62.03,58.41,33.45,6680.97,629.79
2007-01-01,97.0,100.0,4.97,5.04,74.226,57.517,73.6,60.3,45.3,54.78,51.84,36.63,5689.34,631.17
2007-02-01,97.0,98.0,4.91,5.01,75.345,57.220,75.6,60.3,46.3,59.27,55.88,36.63,5718.15,664.75
2007-03-01,96.0,98.0,4.79,4.94,74.288,57.079,74.2,60.3,46.0,60.56,59.01,36.63,6465.3,654.9
2007-04-01,95.0,99.0,4.94,5.07,75.415,56.718,75.0,60.2,44.9,63.97,63.87,36.63,7753.34,679.37
2007-05-01,101.0,101.0,5.1,5.22,76.072,56.856,75.5,60.1,46.0,63.51,64.48,36.63,7677.95,666.86
2007-06-01,102.0,101.0,5.24,5.48,75.815,57.791,75.4,60.1,45.2,67.48,66.21,36.63,7514.24,655.49
2007-07-01,102.0,100.0,5.35,5.52,77.999,57.432,76.5,60.1,45.1,74.05,70.12,36.63,7980.93,665.3
2007-08-01,99.0,101.0,5.28,5.42,77.599,57.692,78.1,60.0,46.3,72.39,67.34,36.63,7500.2,665.41
2007-09-01,98.0,101.0,5.39,5.52,77.333,57.315,76.6,60.0,46.1,79.63,73.45,36.63,7671.35,712.65
2007-10-01,102.0,100.0,5.42,5.56,80.378,58.078,79.0,60.0,44.8,85.93,77.94,36.63,8020.59,754.6
2007-11-01,98.0,101.0,5.54,5.61,81.310,57.727,78.9,60.1,45.4,94.77,86.47,36.63,6957.43,806.25
2007-12-01,99.0,101.0,5.89,5.82,81.444,58.935,79.0,60.1,46.2,91.77,86.26,36.63,6630.74,803.2
2008-01-01,103.0,100.0,5.44,5.56,82.295,60.134,79.8,60.2,48.7,92.98,87.22,60.8,7078.91,889.6
2008-02-01,97.0,101.0,5.06,5.28,80.973,61.481,79.7,60.1,47.0,95.36,90.07,60.8,7941.14,922.3
2008-03-01,98.0,103.0,5.15,5.36,82.562,61.889,79.3,60.0,50.6,105.5,96.37,60.8,8434.32,968.43
2008-04-01,99.0,102.0,4.98,5.17,82.429,63.114,79.9,60.0,50.4,112.34,103.86,60.8,8714.18,909.7
2008-05-01,100.0,104.0,5.28,5.5,81.239,64.058,79.7,59.9,49.1,125.67,119.32,60.8,8356.13,888.66
2008-06-01,102.0,104.0,5.7,5.89,80.778,67.212,78.0,59.8,44.5,133.93,128.22,60.8,8292.0,889.49
2008-07-01,99.0,102.0,5.96,6.03,81.568,65.740,79.2,59.8,46.6,133.96,130.08,60.8,8407.02,939.77
2008-08-01,97.0,99.0,5.77,5.91,80.183,65.978,79.4,59.6,44.6,116.7,112.62,60.8,7633.8,839.03
2008-09-01,97.0,101.0,5.81,5.99,79.978,67.025,78.6,59.5,43.1,104.44,96.28,60.8,6975.11,829.93
2008-10-01,96.0,96.0,5.09,5.53,78.593,67.932,78.4,59.5,43.3,76.28,67.54,60.8,4894.89,806.62
2008-11-01,88.0,96.0,4.97,5.73,71.509,66.846,75.1,59.5,38.3,56.97,49.9,60.8,3729.19,760.86
2008-12-01,81.0,90.0,3.97,4.87,66.147,62.983,71.8,59.3,39.0,40.64,39.42,69.98,3105.1,816.09
2009-01-01,71.0,83.0,3.44,4.42,65.481,59.771,73.7,59.1,41.4,41.63,43.75,72.51,3260.36,858.69
2009-02-01,74.0,86.0,3.78,5.24,70.249,58.806,76.2,58.9,43.6,39.08,42.13,75.59,3328.41,943.16
2009-03-01,71.0,87.0,3.69,4.97,72.370,58.096,75.9,58.7,42.7,47.98,44.74,64.07,3770.88,924.27
2009-04-01,77.0,89.0,3.76,4.9,75.087,56.806,78.6,58.7,44.4,49.91,48.85,59.78,4436.93,890.2
2009-05-01,81.0,92.0,3.83,5.05,75.682,55.615,77.9,58.5,52.4,59.26,57.33,62.69,4591.46,928.64
2009-06-01,85.0,94.0,4.09,5.26,79.384,55.758,79.8,59.0,54.0,69.67,67.85,71.66,5015.43,945.67
2009-07-01,90.0,95.0,4.09,5.18,80.378,55.317,79.8,58.7,45.8,64.21,65.52,83.95,5228.41,934.23
2009-08-01,97.0,96.0,4.42,5.44,79.188,55.990,80.2,58.8,45.1,71.06,71.76,97.67,6176.88,949.38
2009-09-01,90.0,97.0,4.4,5.38,82.899,57.541,82.6,58.9,51.4,69.4,67.55,80.71,6195.75,996.59
2009-10-01,95.0,101.0,4.47,5.45,81.568,56.575,81.1,58.8,54.3,75.82,73.22,86.79,6305.99,1043.16
2009-11-01,89.0,99.0,4.32,5.39,82.766,57.138,81.4,58.7,53.4,77.97,77.11,99.26,6682.44,1127.04
2009-12-01,93.0,98.0,4.24,5.31,84.418,58.138,82.3,58.5,55.9,74.63,74.66,105.25,6976.98,1134.72
2010-01-01,101.0,101.0,4.29,5.35,83.539,61.668,81.9,58.3,55.8,78.42,76.27,125.91,7367.38,1117.96
2010-02-01,100.0,103.0,4.19,5.3,84.160,63.743,84.2,58.4,57.3,76.31,73.73,127.62,6867.68,1095.41
2010-03-01,101.0,104.0,3.94,4.92,86.290,63.558,84.6,58.6,54.6,81.24,78.16,139.77,7466.93,1113.34
2010-04-01,103.0,104.0,3.77,4.91,87.978,64.708,84.1,59.0,53.0,84.5,83.28,172.47,7729.84,1148.69
2010-05-01,102.0,105.0,3.7,4.95,88.954,64.559,85.4,59.2,54.3,73.84,76.13,161.35,6843.16,1205.43
2010-06-01,106.0,106.0,3.75,4.93,90.196,64.748,85.4,59.1,54.9,75.35,74.24,143.63,6501.5,1232.92
2010-07-01,106.0,105.0,3.88,4.91,90.374,65.352,84.7,59.2,55.5,76.18,73.09,126.36,6750.57,1192.97
2010-08-01,104.0,106.0,3.73,4.68,90.108,65.832,84.3,59.0,56.8,76.62,74.54,145.34,7302.67,1215.81
2010-09-01,107.0,106.0,3.48,4.28,90.196,66.882,84.2,58.8,59.9,75.27,75.81,140.63,7729.59,1270.98
2010-10-01,107.0,104.0,3.24,4.11,89.931,67.067,84.8,58.9,59.4,81.9,80.44,148.48,8289.76,1342.02
2010-11-01,103.0,103.0,3.4,4.48,91.351,66.846,85.1,58.8,59.4,84.15,83.46,160.55,8458.42,1369.89
2010-12-01,104.0,104.0,3.25,4.46,92.238,68.512,86.1,59.0,60.0,89.37,89.23,168.53,9152.86,1390.55
2011-01-01,107.0,103.0,3.71,4.69,94.991,66.455,88.2,58.5,63.2,89.52,92.7,179.63,9533.2,1356.4
2011-02-01,104.0,103.0,3.94,4.76,92.327,66.647,84.7,59.0,60.1,89.41,99.66,187.18,9880.94,1372.73
2011-03-01,107.0,105.0,3.74,4.51,93.837,68.558,87.8,59.2,61.8,102.94,108.04,169.36,9503.36,1424.01
2011-04-01,100.0,104.0,3.74,4.48,92.772,69.547,86.8,59.3,61.2,110.15,115.82,179.26,9482.75,1473.81
2011-05-01,105.0,104.0,3.66,4.34,93.393,70.585,87.1,59.5,63.0,101.3,108.23,177.1,8931.68,1510.44
2011-06-01,101.0,104.0,3.65,4.24,94.015,72.431,88.0,59.6,63.3,96.29,107.43,170.88,9066.85,1528.66
2011-07-01,104.0,104.0,3.77,4.23,94.280,72.353,87.3,59.4,62.3,97.08,110.95,172.98,9650.46,1572.81
2011-08-01,103.0,105.0,3.57,3.96,94.280,72.772,87.8,59.5,61.9,86.33,104.91,177.45,8997.99,1755.81
2011-09-01,99.0,104.0,3.45,3.75,94.902,74.430,87.7,58.8,63.9,85.65,104.7,177.23,8300.14,1771.85
2011-10-01,99.0,100.0,3.47,3.86,94.991,75.930,88.6,59.5,60.5,86.41,103.62,150.43,7394.19,1665.21
2011-11-01,95.0,99.0,3.39,3.8,93.748,76.973,87.5,59.4,62.4,97.11,106.8,135.54,7581.02,1738.98
2011-12-01,95.0,99.0,3.36,3.81,92.772,78.755,86.9,59.4,61.4,98.57,104.39,136.46,7558.88,1652.31
2012-01-01,94.0,99.0,3.37,3.8,95.879,75.411,87.5,59.2,66.0,100.1,108.6,140.35,8061.92,1656.12
2012-02-01,98.0,98.0,3.43,3.81,96.944,76.399,89.7,59.4,61.6,102.3,116.68,140.4,8441.49,1742.62
2012-03-01,99.0,99.0,3.55,3.95,94.280,76.890,88.4,59.6,61.8,106.19,122.6,144.66,8470.78,1673.77
2012-04-01,97.0,100.0,3.5,3.9,95.168,76.732,88.2,59.7,61.8,103.33,117.5,147.65,8285.53,1650.07
2012-05-01,101.0,98.0,3.38,3.75,96.766,76.815,89.3,60.0,65.0,94.53,107.65,136.27,7896.91,1585.5
2012-06-01,96.0,100.0,3.29,3.63,95.879,75.682,88.2,59.8,65.6,82.4,94.44,134.62,7428.29,1596.7
2012-07-01,95.0,99.0,3.01,3.3,94.813,74.546,88.7,59.8,66.1,87.92,99.96,127.94,7584.26,1593.91
2012-08-01,90.0,99.0,2.83,3.09,92.416,77.342,87.7,59.6,63.3,94.12,108.95,107.8,7510.43,1626.03
2012-09-01,90.0,97.0,2.81,3.05,95.612,75.835,88.5,59.7,67.6,94.7,110.85,99.47,8087.74,1744.45
2012-10-01,88.0,98.0,2.78,2.97,95.434,76.201,88.7,59.7,66.3,89.6,108.43,113.95,8062.03,1747.01
2012-11-01,90.0,93.0,2.8,2.99,95.701,79.302,89.2,59.5,66.5,86.72,107.11,120.35,7711.23,1721.14
2012-12-01,86.0,92.0,2.85,3.13,96.944,82.569,89.1,59.3,68.1,88.26,106.4,128.87,7966.49,1688.53
2013-01-01,88.0,93.0,2.75,3.05,97.299,82.127,89.7,59.3,64.7,94.73,108.19,150.49,8053.74,1670.95
2013-02-01,94.0,96.0,2.7,3.04,96.144,80.458,90.5,59.1,66.1,95.31,111.12,154.64,8060.93,1627.59
2013-03-01,93.0,97.0,2.6,2.91,94.902,80.498,89.0,59.4,63.7,93.2,105.7,139.87,7652.38,1592.86
2013-04-01,91.0,100.0,2.55,2.84,94.902,79.151,90.3,59.8,65.5,92.07,101.5,137.39,7221.16,1485.08
2013-05-01,93.0,100.0,2.59,2.9,95.523,78.839,90.1,59.8,66.2,94.77,100.52,124.01,7248.71,1413.5
2013-06-01,95.0,96.0,2.87,3.31,96.589,78.718,89.6,59.9,66.3,95.77,100.39,114.82,7000.24,1342.36
2013-07-01,93.0,99.0,2.91,3.47,94.813,79.931,89.5,59.9,66.9,104.43,103.83,127.19,6906.64,1286.72
2013-08-01,92.0,93.0,2.94,3.61,97.299,79.858,90.3,59.9,66.1,106.44,107.07,137.06,7186.25,1347.1
2013-09-01,92.0,97.0,2.9,3.53,94.813,82.564,89.6,60.1,64.8,106.4,108.07,134.19,7159.27,1348.8
2013-10-01,92.0,98.0,2.83,3.44,96.944,82.839,91.1,60.2,65.8,100.56,106.87,132.57,7203.02,1316.18
2013-11-01,94.0,97.0,2.936,3.584,96.144,84.394,90.7,60.2,65.5,93.85,106.06,136.32,7070.65,1275.82
2013-12-01,93.0,99.0,2.941,3.653,97.654,86.246,90.2,60.1,64.7,97.89,107.93,135.79,7214.9,1225.4
2014-01-01,93.0,103.0,2.892,3.647,97.565,83.827,92.0,60.4,69.8,94.96,103.77,128.12,7291.47,1244.8
2014-02-01,97.0,99.0,2.854,3.522,96.411,83.738,91.5,60.6,70.5,100.71,105.26,121.37,7149.21,1300.98
2014-03-01,95.0,99.0,2.874,3.543,97.476,84.937,91.6,60.4,65.9,100.57,104.34,111.83,6650.04,1336.08
2014-04-01,95.0,101.0,2.875,3.54,96.855,85.668,91.8,60.7,65.5,102.18,104.82,114.58,6673.56,1299.0
2014-05-01,96.0,100.0,2.838,3.402,95.523,84.118,90.8,60.3,68.1,102.0,105.53,100.56,6891.13,1287.53
2014-06-01,97.0,96.0,2.746,3.286,97.654,84.781,91.9,60.3,70.1,105.23,108.17,92.85,6821.14,1279.1
2014-07-01,97.0,96.0,2.558,3.056,97.210,85.426,92.3,60.5,69.7,102.95,105.96,96.26,7113.38,1310.97
2014-08-01,94.0,96.0,2.54,3.086,95.879,84.026,91.4,60.7,68.4,96.32,101.61,94.14,7001.84,1295.99
2014-09-01,94.0,97.0,2.405,3.012,95.257,85.476,90.5,60.6,72.7,93.27,96.38,84.52,6872.22,1238.82
2014-10-01,94.0,96.0,2.239,2.769,94.369,85.195,91.4,60.5,65.6,84.41,86.38,81.3,6737.48,1222.49
2014-11-01,93.0,98.0,2.138,2.692,96.411,84.640,91.3,60.6,70.9,75.71,76.12,74.43,6712.85,1176.3
2014-12-01,91.0,98.0,2.143,2.681,98.010,84.210,91.5,60.4,73.4,59.14,59.83,68.67,6446.45,1202.29
2015-01-01,90.0,99.0,2.039,2.415,95.623,83.439,91.5,60.6,75.2,47.56,46.49,69.07,5830.54,1251.85
2015-02-01,93.0,96.0,2.024,2.346,96.975,84.668,92.8,60.7,74.3,50.86,55.92,63.8,5729.28,1227.19
2015-03-01,97.0,99.0,1.865,2.276,95.236,85.487,92.1,60.4,73.3,47.78,54.32,58.18,5939.67,1178.63
2015-04-01,98.0,97.0,1.739,2.177,96.589,86.973,92.9,60.4,72.6,54.38,58.43,52.11,6042.09,1197.91
2015-05-01,97.0,95.0,1.875,2.49,94.850,86.606,91.6,60.4,73.7,59.39,63.18,60.43,6294.78,1199.05
2015-06-01,93.0,93.0,1.773,2.468,96.202,89.586,92.2,60.3,74.1,59.83,61.8,61.84,5833.01,1181.5
2015-07-01,93.0,90.0,1.777,2.45,95.623,89.582,92.4,60.5,74.2,51.2,55.99,52.17,5456.75,1130.04
2015-08-01,92.0,93.0,1.735,2.308,99.486,90.535,93.8,60.5,74.4,42.91,47.98,57.33,5127.3,1117.48
2015-09-01,93.0,94.0,1.651,2.216,98.907,90.833,95.0,60.6,76.3,45.51,45.19,56.98,5217.25,1124.53
2015-10-01,94.0,92.0,1.627,2.088,99.293,89.791,94.3,60.6,81.2,46.27,45.86,53.66,5216.09,1159.25
2015-11-01,94.0,93.0,1.752,2.254,98.231,89.208,93.9,60.5,80.1,42.59,41.6,47.19,4799.9,1085.7
2015-12-01,92.0,92.0,1.719,2.181,97.265,88.893,94.6,60.8,83.7,37.4,34.14,40.88,4638.83,1068.25
2016-01-01,92.0,89.0,1.628,2.025,95.913,91.449,93.5,60.7,75.5,31.78,27.46,42.2,4471.79,1097.38
2016-02-01,94.0,91.0,1.474,1.826,97.072,92.479,94.6,60.5,78.0,30.38,29.67,46.49,4598.62,1199.91
2016-03-01,95.0,93.0,1.498,1.854,98.424,92.989,95.2,60.3,81.7,37.9,35.45,56.54,4953.8,1246.34
2016-04-01,95.0,91.0,1.468,1.81,97.844,91.431,94.8,60.3,79.2,41.03,39.32,60.97,4872.74,1242.26
2016-05-01,94.0,91.0,1.455,1.787,99.390,91.122,96.0,60.4,81.5,46.84,44.35,55.89,4694.54,1259.4
2016-06-01,94.0,93.0,1.334,1.617,98.810,90.586,96.4,60.5,84.2,48.79,46.32,52.34,4641.97,1276.4
2016-07-01,94.0,88.0,1.218,1.401,98.520,89.876,95.9,60.5,75.5,44.9,42.44,57.31,4864.9,1337.33
2016-08-01,96.0,91.0,1.238,1.417,97.651,88.691,96.3,60.8,76.0,44.75,43.97,60.87,4751.67,1341.09
2016-09-01,97.0,94.0,1.312,1.512,97.844,89.241,96.4,60.6,76.0,45.2,43.68,57.66,4722.2,1326.03
2016-10-01,95.0,93.0,1.361,1.596,97.651,87.962,95.8,60.6,81.0,49.81,48.8,58.95,4731.26,1266.57
2016-11-01,95.0,93.0,1.609,1.965,102.287,88.220,97.4,60.7,80.6,45.47,44.04,74.14,5450.93,1235.98
2016-12-01,96.0,94.0,1.692,2.159,101.515,86.259,97.3,60.9,84.1,52.05,52.14,79.43,5660.35,1151.4
2017-01-01,95.0,94.0,1.643,2.111,102.287,85.863,97.7,60.7,79.8,52.56,53.57,80.82,5754.56,1192.62
2017-02-01,95.0,92.0,1.665,2.163,98.714,87.105,97.9,60.8,82.4,53.45,54.3,88.95,5940.91,1234.36
2017-03-01,96.0,95.0,1.709,2.221,100.935,87.554,99.0,60.9,82.7,49.36,51.02,87.2,5824.63,1231.09
2017-04-01,98.0,98.0,1.678,2.182,100.066,88.898,98.1,60.8,84.1,51.17,52.55,70.4,5683.9,1265.63
2017-05-01,98.0,97.0,1.69,2.257,99.197,91.040,98.4,60.8,84.3,48.56,50.13,61.63,5599.56,1245.0
2017-06-01,98.0,95.0,1.673,2.165,99.680,89.567,98.1,60.7,85.1,45.19,46.36,57.86,5719.76,1260.26
2017-07-01,97.0,94.0,1.74,2.252,99.293,89.424,98.4,60.8,83.7,46.58,47.79,66.74,5985.12,1236.22
2017-08-01,96.0,95.0,1.78,2.287,100.549,89.677,98.7,60.8,81.0,48.05,50.27,74.59,6485.63,1282.32
2017-09-01,96.0,96.0,1.785,2.286,100.839,89.581,100.4,60.9,85.9,49.74,53.92,69.24,6577.17,1314.98
2017-10-01,93.0,93.0,2.026,2.455,101.322,91.819,98.5,60.9,83.6,51.57,55.77,61.05,6807.6,1279.51
2017-11-01,99.0,95.0,2.15,2.54,102.674,91.731,99.3,60.8,89.7,56.74,60.59,63.41,6826.55,1282.28
2017-12-01,96.0,96.0,2.1,2.472,97.844,94.300,98.7,61.1,85.2,57.92,61.38,71.74,6833.89,1261.26
2018-01-01,96.0,96.0,2.19,2.626,100.259,93.667,99.6,61.1,87.4,63.58,66.02,75.78,7065.85,1331.67
2018-02-01,99.0,92.0,2.277,2.77,99.197,93.543,100.2,60.6,89.0,62.23,62.63,77.65,7006.53,1331.53
2018-03-01,98.0,94.0,2.271,2.708,97.844,95.476,99.0,60.8,91.7,62.83,63.92,71.32,6799.18,1324.66
2018-04-01,96.0,93.0,2.192,2.655,100.452,95.811,100.6,60.8,91.7,66.31,68.67,66.33,6851.51,1334.74
2018-05-01,93.0,96.0,2.25,2.757,102.481,94.453,100.6,60.6,88.7,69.9,74.08,66.63,6825.27,1303.03
2018-06-01,96.0,95.0,2.175,2.656,101.708,96.875,100.3,60.7,87.9,67.88,73.31,66.86,6965.86,1281.57
2018-07-01,98.0,95.0,2.097,2.549,100.549,95.161,101.1,60.6,88.1,71.07,72.77,67.05,6250.75,1238.53
2018-08-01,94.0,90.0,2.019,2.458,103.253,95.192,101.1,60.4,89.2,67.93,72.59,68.02,6051.05,1201.25
2018-09-01,94.0,93.0,1.953,2.315,101.611,95.253,100.3,60.6,83.9,70.19,76.93,68.8,6050.76,1198.47
2018-10-01,96.0,91.0,2.01,2.338,103.736,96.134,101.1,60.7,87.8,70.75,78.76,72.02,6219.59,1215.39
2018-11-01,94.0,90.0,1.94,2.209,101.322,98.617,99.8,60.9,90.0,56.19,64.69,72.3,6195.92,1220.95
2018-12-01,94.0,91.0,1.825,1.992,97.941,100.843,99.2,60.8,88.5,48.92,55.67,68.9,6075.32,1247.92
2019-01-01,94.0,92.0,1.807,1.991,100.935,97.365,100.7,60.8,87.2,51.23,59.16,75.2,5939.1,1291.75
2019-02-01,95.0,92.0,1.802,1.988,97.265,97.422,98.0,60.8,86.1,55.0,64.55,87.59,6300.49,1320.07
2019-03-01,98.0,94.0,1.789,1.953,99.680,96.767,99.2,60.9,92.7,58.17,66.95,87.07,6439.46,1300.9
2019-04-01,96.0,94.0,1.736,1.889,99.969,99.018,101.0,60.7,89.4,63.87,70.94,94.5,6438.36,1286.45
2019-05-01,97.0,92.0,1.679,1.828,99.003,99.343,101.0,60.8,89.4,60.74,68.67,101.76,6017.9,1283.95
2019-06-01,96.0,94.0,1.496,1.618,100.066,99.542,99.8,60.8,87.4,54.67,60.92,109.55,5882.23,1359.04
2019-07-01,97.0,92.0,1.382,1.506,101.418,101.453,101.8,60.8,85.4,57.38,62.86,119.59,5941.2,1412.98
2019-08-01,96.0,92.0,1.164,1.254,102.674,99.116,101.8,61.0,91.0,54.83,58.5,93.5,5709.44,1498.8
2019-09-01,96.0,89.0,1.287,1.42,102.674,101.186,101.7,61.0,92.3,56.86,60.86,92.26,5759.25,1511.31
2019-10-01,95.0,91.0,1.357,1.577,102.481,100.123,102.0,61.1,91.2,53.96,58.86,88.59,5757.3,1494.8
2019-11-01,96.0,92.0,1.492,1.75,101.128,100.171,101.9,61.1,94.8,56.68,61.22,82.9,5859.95,1470.02
2019-12-01,96.0,90.0,1.39,1.653,104.123,98.386,103.1,61.5,97.8,59.87,64.45,90.98,6077.06,1476.04
2020-01-01,97.0,91.0,1.373,1.656,99.9,100.9,103.4,61.7,92.3,57.72,63.13,95.22,6031.21,1560.67
2020-02-01,96.0,91.0,1.253,1.54,95.5,101.4,100.4,61.5,84.4,50.61,54.05,87.63,5687.75,1597.1
2020-03-01,93.0,91.0,1.091,1.485,101.7,99.9,98.6,60.0,94.9,29.32,33.51,88.66,5182.63,1591.93
2020-04-01,89.0,84.0,1.024,1.504,96.6,101.4,97.2,59.3,98.0,16.98,26.19,83.75,5057.97,1682.93
2020-05-01,80.0,79.0,0.878,1.394,88.9,102.0,95.9,59.5,102.7,28.78,32.6,91.33,5239.83,1716.38
2020-06-01,82.0,78.0,0.85,1.392,97.1,102.2,98.6,59.7,108.5,38.31,40.07,103.34,5754.6,1732.22
2020-07-01,84.0,83.0,0.826,1.36,98.7,101.3,99.8,59.8,95.4,40.72,42.53,108.02,6372.46,1843.31
2020-08-01,82.0,84.0,0.829,1.373,98.7,101.9,99.6,60.0,105.7,42.37,43.92,120.07,6508.39,1968.03
2020-09-01,82.0,83.0,0.908,1.5,103.4,99.3,101.4,59.8,102.7,39.6,41.37,123.0,6704.9,1922.21
2020-10-01,90.0,86.0,0.91,1.507,103.8,97.1,101.3,59.9,105.4,39.41,40.81,119.25,6713.81,1900.28
2020-11-01,90.0,88.0,0.965,1.61,102.9,95.7,102.2,60.2,105.7,41.39,43.47,123.52,7068.91,1863.49
2020-12-01,93.0,93.0,0.97,1.675,102.7,96.8,101.5,59.8,104.3,47.07,49.63,153.07,7772.24,1855.96
2021-01-01,90.0,90.0,0.975,1.731,102.4,96.9,101.6,59.1,111.2,51.85,54.65,166.74,7972.15,1866.99
2021-02-01,93.0,95.0,0.995,1.845,104.2,97.3,103.7,59.9,105.6,59.23,61.25,162.33,8470.94,1808.18
2021-03-01,95.0,93.0,1.133,2.04,103.8,96.6,104.5,60.3,107.2,62.18,64.29,166.74,8988.25,1718.23
2021-04-01,101.0,95.0,1.138,2.041,103.6,95.9,104.1,60.4,106.9,61.42,63.13,178.25,9324.82,1761.68
2021-05-01,101.0,97.0,1.134,2.131,102.1,95.8,104.2,60.4,106.6,65.16,66.35,202.86,10166.29,1855.56
2021-06-01,102.0,94.0,1.302,2.103,103.0,95.3,105.0,60.6,106.5,71.38,71.3,215.82,9631.5,1834.57
2021-07-01,102.0,98.0,1.419,1.976,103.7,97.3,105.2,60.6,106.3,72.59,72.14,214.34,9450.82,1807.09
2021-08-01,100.0,95.0,1.411,1.905,101.9,101.5,105.1,60.7,107.8,67.87,68.73,162.09,9370.14,1783.97
2021-09-01,100.0,96.0,1.515,2.061,101.1,103.3,106.3,60.9,102.3,71.54,72.76,113.72,9324.71,1777.25
2021-10-01,104.0,93.0,1.842,2.399,102.2,104.9,106.7,60.9,108.5,81.36,81.44,114.48,9829.22,1776.85
2021-11-01,102.0,94.0,1.953,2.355,104.0,105.3,108.0,61.0,103.7,79.1,78.66,90.13,9728.9,1820.23
2021-12-01,100.0,95.0,1.8,2.187,106.6,109.1,109.6,61.2,107.4,71.8,72.85,110.46,9551.18,1786.65
2022-01-01,103.0,95.0,2.06,2.492,106.2,105.4,110.0,61.3,102.3,83.28,83.45,133.05,9782.34,1816.77
2022-02-01,102.0,97.0,2.285,2.69,103.6,106.5,108.2,62.0,109.8,91.61,91.53,139.7,9943.18,1856.3
2022-03-01,104.0,97.0,2.369,2.784,104.8,105.3,110.0,61.8,103.8,108.4,107.59,147.35,10230.89,1947.83
2022-04-01,100.0,95.0,2.941,3.219,103.3,105.5,110.7,62.0,102.7,101.99,102.76,146.67,10174.35,1933.9
2022-05-01,101.0,95.0,3.019,3.295,103.7,105.0,110.7,62.2,102.4,109.71,107.86,131.09,9395.03,1849.83
2022-06-01,103.0,95.0,3.477,3.64,102.4,112.6,111.2,62.1,99.4,114.68,111.86,131.05,9067.55,1837.06
2022-07-01,100.0,95.0,3.238,3.3,103.2,113.0,111.9,62.2,99.3,101.92,100.32,109.05,7544.81,1737.38
2022-08-01,97.0,92.0,3.247,3.322,102.7,110.9,111.0,62.3,105.7,93.69,95.69,109.07,7990.81,1764.13
2022-09-01,96.0,93.0,3.903,3.897,103.1,110.9,110.9,62.2,104.0,84.4,89.74,100.84,7746.01,1683.21
2022-10-01,95.0,96.0,4.235,4.267,101.2,110.5,110.1,62.2,106.6,87.29,91.21,94.62,7651.08,1666.63
2022-11-01,91.0,94.0,3.895,3.915,98.7,114.3,111.0,62.2,103.3,84.08,84.6,94.57,8049.86,1727.9
2022-12-01,91.0,92.0,3.63,3.541,97.4,114.7,109.5,62.2,101.1,76.58,76.86,111.41,8371.09,1797.41
2023-01-01,92.0,89.0,3.46,3.411,97.5,116.6,108.7,62.1,99.3,78.25,80.91,122.43,9007.35,1896.06
2023-02-01,90.0,90.0,3.47,3.45,98.3,116.9,110.6,62.5,106.8,77.03,81.28,127.08,8936.59,1853.41
2023-03-01,89.0,87.0,3.461,3.448,102.4,116.1,111.6,62.7,102.1,73.35,78.27,127.98,8856.31,1913.65
2023-04-01,88.0,92.0,3.263,3.319,98.3,122.4,110.1,62.6,100.0,79.13,83.41,117.13,8809.16,1999.67
2023-05-01,89.0,92.0,3.33,3.402,103.2,122.3,111.9,62.8,101.1,71.67,74.79,104.52,8243.16,1989.83
2023-06-01,87.0,90.0,3.548,3.611,105.7,116.8,111.9,62.7,105.3,70.31,74.73,113.09,8396.52,1944.73
2023-07-01,88.0,92.0,3.638,3.681,98.2,116.9,111.1,62.5,99.0,75.77,80.65,113.98,8476.68,1950.27
2023-08-01,89.0,90.0,3.727,3.86,100.7,120.0,112.6,62.6,104.8,81.37,86.12,109.61,8347.83,1919.3
2023-09-01,82.0,90.0,3.842,3.949,104.5,118.6,114.0,62.7,96.9,89.24,93.24,120.43,8276.71,1915.43
2023-10-01,89.0,87.0,4.031,4.272,101.5,117.0,112.8,62.7,103.4,85.47,88.79,118.75,7941.36,1913.98
2023-11-01,93.0,92.0,3.771,3.89,102.9,116.0,113.5,62.6,103.5,77.58,82.64,131.25,8189.59,1985.78
2023-12-01,92.0,89.0,3.35,3.415,104.9,112.4,113.1,62.6,102.2,72.02,77.57,137.55,8407.9,2034.7
2024-01-01,93.0,87.0,3.266,3.353,99.3,111.5,113.3,62.8,101.1,74.0,79.58,136.59,8351.34,2034.01
2024-02-01,94.0,91.0,3.351,3.429,100.9,111.7,114.6,62.9,98.4,77.36,82.81,125.93,8304.95,2024.45
2024-03-01,96.0,91.0,3.31,3.39,99.7,110.0,112.7,62.8,96.8,81.41,86.63,110.19,8692.82,2162.35
2024-04-01,94.0,93.0,3.439,3.567,102.1,110.7,114.1,62.9,95.2,85.35,90.87,112.23,9445.59,2333.55
2024-05-01,98.0,92.0,3.432,3.527,101.2,111.2,113.3,62.7,95.7,79.96,84.67,119.24,10117.16,2350.6
2024-06-01,96.0,91.0,3.262,3.337,102.6,109.5,113.1,62.7,95.8,79.91,84.11,108.1,9648.17,2328.26
2024-07-01,96.0,92.0,3.083,3.171,97.1,109.8,112.4,62.6,99.0,81.95,85.2,107.39,9385.31,2393.96
2024-08-01,96.0,90.0,2.924,2.999,101.8,111.3,113.5,62.7,97.4,76.68,80.09,100.91,8981.12,2468.33
2024-09-01,93.0,92.0,2.868,3.011,102.8,109.6,113.2,62.8,103.3,70.44,73.76,96.24,9259.13,2569.05
2024-10-01,94.0,93.0,2.911,3.07,100.5,111.6,113.8,62.7,100.6,72.16,76.07,106.61,9533.99,2689.13
2024-11-01,92.0,90.0,2.858,3.006,98.4,111.8,112.4,62.6,97.3,69.94,74.09,103.98,9075.73,2652.2
2024-12-01,90.0,90.0,2.59,2.771,105.3,109.0,114.4,62.3,95.1,70.15,74.0,105.34,8909.91,2640.61
2025-01-01,90.0,87.0,2.571,2.821,98.2,108.5,112.6,62.9,97.2,75.65,80.8,103.78,8976.68,2707.47
2025-02-01,91.0,87.0,2.611,2.83,99.9,106.6,113.4,63.0,110.6,71.54,76.32,108.2,9330.98,2894.38
2025-03-01,93.0,87.0,2.59,2.795,100.9,104.1,114.6,63.0,100.7,68.24,72.98,103.65,9735.82,2986.26
2025-04-01,94.0,86.0,2.395,2.658,101.8,104.0,113.8,63.1,99.1,63.61,68.49,100.91,9172.7,3222.01
2025-05-01,94.0,86.0,2.331,2.71,99.8,104.0,112.5,62.9,100.5,62.2,63.61,100.27,9531.2,3288.01
2025-06-01,97.0,86.0,2.441,2.842,101.6,104.2,113.8,62.8,98.9,68.54,69.36,96.17,9835.07,3351.86
2025-07-01,95.0,87.0,2.465,2.84,,,,62.8,,,,,,
2025-08-01,91.0,85.0,,,,,,,,,,,,
